x,y,rec_logPGA,mean_logPGA_1,q05_logPGA_1,q95_logPGA_1,mean_logPGA_2,q05_logPGA_2,q95_logPGA_2
-20.0,0,-2.733838979550169,-2.606581982339154,-3.6696294618087926,-1.5435345028695153,-2.954314095764216,-3.7189183407794397,-2.251397491447043
-19.91983967935872,0,-2.9234553136163,-2.604780449288616,-3.665297214901256,-1.5442636836759758,-2.956386060287375,-3.719976799217876,-2.295388108282756
-19.83967935871744,0,-2.940833978407987,-2.603035076232018,-3.6609305957667155,-1.5451395566973198,-2.9533433922408396,-3.6788475963545593,-2.296341438284777
-19.75951903807616,0,-3.001684424899444,-2.601347322774612,-3.6565272663109303,-1.5461673792382937,-2.9495860657528112,-3.6641812241705662,-2.307181856593125
-19.67935871743487,0,-3.0609045238678108,-2.599718681168814,-3.6520847331062614,-1.5473526292313664,-2.9445161799439945,-3.6552918817977598,-2.294752122387284
-19.599198396793582,0,-2.902983563201854,-2.598150677026285,-3.64760033685998,-1.5487010171925903,-2.9391085579615264,-3.6322133792930242,-2.3273462806138454
-19.519038076152302,0,-3.097623299922512,-2.5966448700454703,-3.643071241059931,-1.5502184990310093,-2.9314435335351052,-3.6306503205871454,-2.3353262964608934
-19.438877755511022,0,-2.905274580070615,-2.5952028547549224,-3.638494419719298,-1.5519112897905465,-2.9220231014372255,-3.6000594874397303,-2.3321012757354187
-19.35871743486974,0,-2.929924798071313,-2.5938262612727447,-3.633866644133097,-1.5537858784123926,-2.9135419701752228,-3.598712679281993,-2.3209151463791993
-19.27855711422845,0,-2.9389883920762774,-2.592516756082523,-3.6291844685487358,-1.5558490436163104,-2.90355725902049,-3.5751978259178037,-2.292969464718936
-19.19839679358717,0,-3.011897653041647,-2.5912760428260895,-3.6244442146411333,-1.5581078710110456,-2.8912223698123074,-3.538999622887691,-2.288069688409917
-19.11823647294589,0,-2.8199630321150773,-2.5901058631134766,-3.6196419546693877,-1.5605697715575655,-2.8733810343898076,-3.504015821066757,-2.275436902233118
-19.03807615230461,0,-2.8356544873354927,-2.589007997350463,-3.6147734931765534,-1.5632425015243727,-2.856868822214713,-3.5030275770780706,-2.2609006301609966
-18.95791583166333,0,-2.6297769826088366,-2.587984265584061,-3.6098343470761938,-1.5661341840919285,-2.8342828879601316,-3.4609987109763503,-2.2344105510947463
-18.877755511022045,0,-2.450780394121998,-2.5870365283663554,-3.604819723948893,-1.5692533327838183,-2.810493945141241,-3.4241833785157896,-2.208424521108987
-18.79759519038076,0,-2.239908072412102,-2.586166687637085,-3.5997244983481167,-1.5726088769260531,-2.7844644963113554,-3.3908760909561217,-2.1816067612388714
-18.71743486973948,0,-2.2348822604337752,-2.5853766876253754,-3.594543185887234,-1.576210189363517,-2.7591539804120826,-3.3628858547981997,-2.1721672639339284
-18.6372745490982,0,-2.4860211721389773,-2.5846685157710345,-3.589269914847402,-1.5800671166946667,-2.7321099033083946,-3.352625370672733,-2.170568327262411
-18.55711422845692,0,-2.6965451024791616,-2.5840442036658473,-3.583898395008566,-1.5841900123231285,-2.6993308114735064,-3.3027272279071025,-2.1313612201402363
-18.47695390781563,0,-2.620591539514155,-2.5835058280152916,-3.578421883361813,-1.58858977266877,-2.661867845365364,-3.2445237949908963,-2.1133046637678046
-18.39679358717435,0,-2.77364768915316,-2.5830555116211134,-3.572833146309707,-1.5932778769325195,-2.6218909159285606,-3.1991810162896264,-2.0716127877853423
-18.316633266533067,0,-2.919473628726808,-2.5826954243852462,-3.567124417900205,-1.5982664308702876,-2.5766624149745407,-3.1476195595422074,-2.0234886868223723
-18.236472945891784,0,-2.966330890091882,-2.5824277843354966,-3.5612873535674052,-1.603568215103588,-2.5271263530981254,-3.098471377725371,-1.9765905515671307
-18.1563126252505,0,-3.2397715234929354,-2.582254858673501,-3.5553129787663798,-1.6091967385806223,-2.5278597639214415,-3.071341288797107,-1.9882427237625517
-18.07615230460922,0,-3.1478248532373256,-2.5821789648454097,-3.549191631786405,-1.6151662979044143,-2.5281243374931734,-3.067954535704739,-2.009228665703614
-17.995991983967937,0,-2.906553736050872,-2.5822024716358323,-3.542912899903478,-1.6214920433681868,-2.5187872646389633,-3.0716886731648927,-1.9821287809310664
-17.915831663326653,0,-2.9241049372065437,-2.582327800285496,-3.5364655478838847,-1.628190052687107,-2.5069049762397526,-3.0601096297525237,-1.9731360677162508
-17.83567134268537,0,-2.9616905054008003,-2.5825574256331842,-3.5298374376700288,-1.63527741359634,-2.4889674914908997,-3.0446231726987745,-1.9632431402437238
-17.75551102204409,0,-2.9126499342205907,-2.582893877282444,-3.52301543785938,-1.6427723167055077,-2.468852195213156,-3.023115939096745,-1.9361880001120186
-17.675350701402806,0,-2.9833325966115463,-2.5833397407936234,-3.5159853213175634,-1.6506941602696832,-2.4424117157903558,-2.994956124905698,-1.9217597698161468
-17.595190380761522,0,-3.0111979581629966,-2.583897658901786,-3.508731648933697,-1.6590636688698748,-2.410682470836721,-2.9580661014253726,-1.9072275055928325
-17.51503006012024,0,-2.779901548655133,-2.584570332761052,-3.5012376371131793,-1.6679030284089245,-2.3732716814316426,-2.9224975708681464,-1.8660413696814657
-17.43486973947896,0,-2.9129295959803385,-2.5853605232159547,-3.4934850060874147,-1.6772360403444946,-2.3264643835439363,-2.873060707838322,-1.8096102668816165
-17.354709418837675,0,-2.825176048477454,-2.5862710521003947,-3.4854538054713196,-1.68708829872947,-2.27367035155421,-2.835762027285781,-1.7656830269022488
-17.274549098196392,0,-2.662744188797725,-2.587304803564791,-3.477122212677579,-1.6974873944520033,-2.30553872940137,-2.839735841996368,-1.7924103675574734
-17.194388777555112,0,-2.7067345345765115,-2.5884647254320408,-3.468466298746832,-1.7084631521172498,-2.328194386786562,-2.858033852742625,-1.828402899722516
-17.11422845691383,0,-2.676972968550274,-2.589753830582918,-3.459459754800647,-1.7200479063651888,-2.341207562542675,-2.872142607462561,-1.8285598713767086
-17.034068136272545,0,-2.273171151651016,-2.591175198371549,-3.4500735705661407,-1.7322768261769579,-2.3490294642700027,-2.8699438679967524,-1.8366363230870266
-16.95390781563126,0,-2.157380036449597,-2.5927319760716228,-3.4402756541130883,-1.7451882980301572,-2.347577343771828,-2.8697283355593024,-1.854267583209423
-16.87374749498998,0,-2.172397847553936,-2.594427380353986,-3.4300303788823365,-1.7588243818256357,-2.3409192584090865,-2.8709335901352206,-1.8329860903016086
-16.793587174348698,0,-2.1353235674065605,-2.5962646987963414,-3.4192980399750765,-1.7732313576176062,-2.3256003968025585,-2.8512184872416615,-1.8264627568167136
-16.713426853707414,0,-2.1674160243840683,-2.5982472914257113,-3.408034196089472,-1.7884603867619506,-2.3079158411542977,-2.8334734438012457,-1.7947702756888435
-16.633266533066134,0,-2.19113327052805,-2.6003785922944003,-3.396188865802947,-1.8045683187858534,-2.279165584810462,-2.792674462386018,-1.7657696779552166
-16.55310621242485,0,-2.292853102958011,-2.602662111090173,-3.3837055361548107,-1.8216186860255354,-2.2407208238356717,-2.7588722311965594,-1.7429754249310159
-16.472945891783567,0,-2.1830299522617462,-2.6051014347814125,-3.370519926227004,-1.8396829433358213,-2.1940199621304224,-2.7058601029952682,-1.7128955361754588
-16.392785571142284,0,-2.102066977267365,-2.6077002292979863,-3.3565584263669797,-1.858842032228993,-2.1903453685603895,-2.7146806493556723,-1.7142407768312895
-16.312625250501004,0,-2.1691989648579395,-2.610462241248631,-3.341736101186764,-1.879188381310498,-2.224639891985771,-2.737443505908652,-1.7524219087264699
-16.23246492985972,0,-2.2653638726022627,-2.6133912996756377,-3.3259540954893207,-1.9008285038619546,-2.2507649452624787,-2.753408032043932,-1.786366728923594
-16.152304609218437,0,-2.32373467873936,-2.6164913178476286,-3.3090962066416565,-1.9238864290536006,-2.3134286725081012,-2.797319404864168,-1.8357049327081443
-16.072144288577153,0,-2.3352715481473987,-2.619766295091292,-3.291024266862415,-1.9485083233201692,-2.3681054664685437,-2.8401447772952912,-1.9136376968506017
-15.991983967935871,0,-2.412405435475381,-2.623220318662901,-3.2715717822400725,-1.9748688550857292,-2.421421546964857,-2.8965603971425176,-1.964126751826432
-15.91182364729459,0,-2.524288012242633,-2.626857565660477,-3.2505349413082163,-2.0031801900127375,-2.4669171928492895,-2.9453001774948455,-1.9961137780805422
-15.831663326653306,0,-2.2988456729420066,-2.6306823049774994,-3.22765951440564,-2.033705095549359,-2.5038607818912313,-2.971273970278247,-2.0348019842803176
-15.751503006012024,0,-2.319531424075215,-2.634698899299054,-3.2026210639243473,-2.066776734673761,-2.5399564095635427,-2.9826080448359598,-2.082442661882345
-15.671342685370742,0,-2.300198718732317,-2.638911807141342,-3.1749937107552633,-2.1028299035274207,-2.5665673434129253,-2.9960137422172997,-2.1350597071038013
-15.59118236472946,0,-2.4651115440132343,-2.643325584935516,-3.144198083635916,-2.142453086235116,-2.591405547734544,-3.0072495079391683,-2.178759724223724
-15.511022044088175,0,-2.575400837176385,-2.6479448891567685,-3.109408334140969,-2.186481444172568,-2.6136364498885643,-2.998713954568355,-2.2311364949661763
-15.430861723446894,0,-2.5808050795053514,-2.652774478499694,-3.069369962387947,-2.236178994611441,-2.6347837447322946,-2.9827885224927844,-2.277936808561765
-15.350701402805612,0,-2.6348981520438057,-2.6578192161009193,-3.021993519722144,-2.2936449124796945,-2.6480063849731486,-2.962901016266948,-2.3369139483758263
-15.270541082164328,0,-2.4884231347991794,-2.663084071810021,-2.9632492918258686,-2.3629188517941735,-2.660622651212976,-2.942577216716739,-2.389093610587717
-15.190380761523048,0,-2.4935676354383016,-2.6685741245098025,-2.882852286027418,-2.454295962992187,-2.6697572986264153,-2.8874910213215927,-2.457899476090604
-15.110220440881765,0,-2.6742959429056845,-2.6742945644869867,-2.6759394164807397,-2.6726497124932336,-2.6742925570630733,-2.6798251714698824,-2.6685917201652627
-15.03006012024048,0,-2.6082421000319904,-2.6564051884525437,-2.8706818711290936,-2.442128505775994,-2.6554184345402336,-2.8522360945134193,-2.462601015726578
-14.949899799599198,0,-2.447943498000545,-2.638746124129758,-2.938907164784928,-2.338585083474588,-2.63273388099148,-2.91316294255111,-2.3578180226882552
-14.869739478957916,0,-2.6420904141268684,-2.621312105778097,-2.9854787366033406,-2.2571454749528534,-2.6096095095175778,-2.9347932823821155,-2.2882661817502776
-14.789579158316634,0,-2.914177379407307,-2.6040979792849157,-3.020681656626226,-2.1875143019436054,-2.5786119943414416,-2.946958559003049,-2.2176517155234152
-14.70941883767535,0,-2.8662072235246296,-2.5870986999070023,-3.048545651821377,-2.1256517479926273,-2.5442982850350697,-2.927724140559288,-2.162899198733587
-14.629258517034067,0,-2.915632627763615,-2.5703093300628552,-3.071160154774916,-2.0694585053507946,-2.507774507181828,-2.9186493336251274,-2.1138758525522365
-14.549098196392784,0,-2.742414741228163,-2.5537250371747136,-3.0897796336509566,-2.0176704406984705,-2.466737544254965,-2.8955788314757567,-2.0699446227107896
-14.468937875751504,0,-2.6301050039519303,-2.5373410915594063,-3.105229895659294,-1.9694522874595188,-2.419384691908635,-2.8520281072208076,-1.9917586488371577
-14.38877755511022,0,-2.678093688037689,-2.521152864367066,-3.1180902647235356,-1.9242154640105968,-2.3687762468537747,-2.82023341475868,-1.9149697339609315
-14.308617234468938,0,-2.738931073398146,-2.505155825566844,-3.1287865685450087,-1.8815250825886793,-2.3118598886683177,-2.778333507948334,-1.8588150092841125
-14.228456913827657,0,-2.690145789586249,-2.4893455419787127,-3.1376431906086717,-1.8410478933487537,-2.2464322492739788,-2.696017281893106,-1.8031039157277111
-14.148296593186371,0,-2.4352296258769845,-2.473717675350495,-3.144914304687075,-1.8025210460139145,-2.178247530284143,-2.6458210708947996,-1.720636757463793
-14.06813627254509,0,-2.172457184395684,-2.458267980479322,-3.1508036652945384,-1.7657322956641055,-2.144167657914588,-2.6019442696794535,-1.6927284098510702
-13.987975951903808,0,-1.9385403686223504,-2.4429923033766365,-3.1554777088699266,-1.7305068978833464,-2.1033936986413146,-2.543668778771932,-1.6443059383699397
-13.907815631262526,0,-2.177469782052074,-2.427886579476005,-3.1590745456377487,-1.6966986133142612,-2.043785566137228,-2.4906538884346308,-1.6046420997484117
-13.827655310621244,0,-2.219765136991137,-2.412946831882921,-3.161710320952828,-1.664183342813014,-2.024881502465987,-2.4691113510632485,-1.5713516489430306
-13.74749498997996,0,-2.3459361743556326,-2.3981691696658647,-3.163483833323546,-1.6328545060081834,-2.038659264501543,-2.4994329539247255,-1.5893532099252736
-13.667334669338675,0,-2.488468603798033,-2.3835497861878614,-3.1644799623119577,-1.602619610063765,-2.0846483521169157,-2.531610837960018,-1.6296085391932922
-13.587174348697395,0,-2.3014638291026768,-2.369084957477842,-3.1647722628530617,-1.573397652102622,-2.1179837616609767,-2.5819418416524997,-1.681355160626957
-13.507014028056112,0,-2.1725720897825127,-2.3547710406410767,-3.164424962480849,-1.545117118801304,-2.1443671145706142,-2.622798234283015,-1.6964689990861197
-13.42685370741483,0,-2.294099396162891,-2.340604472308022,-3.1634945223151387,-1.5177144223009054,-2.1598400152942685,-2.6419343968772306,-1.693598278108493
-13.346693386773548,0,-2.4085843593851366,-2.3265817671209152,-3.162030873679033,-1.4911326605627977,-2.1636002611394254,-2.6507321186386146,-1.6804473892434446
-13.266533066132263,0,-2.345411122952117,-2.3126995162574433,-3.1600784097057795,-1.4653206228091071,-2.1554023341966513,-2.6471090160279767,-1.684335576385923
-13.18637274549098,0,-2.213779479222344,-2.2989543859909016,-3.1576767892395345,-1.4402319827422687,-2.1445902839115285,-2.6285288862454266,-1.635354737085389
-13.1062124248497,0,-2.0592995527852285,-2.2853431162861804,-3.1548615950770427,-1.415824637495318,-2.118579760927905,-2.621040764703191,-1.6342464410111233
-13.026052104208418,0,-1.9971175404838089,-2.271862519431026,-3.1516648778533347,-1.3920601610087169,-2.0835899839870318,-2.5872030308871787,-1.6083457478027525
-12.945891783567134,0,-2.0091865151606974,-2.2585094787019657,-3.1481156091860205,-1.3689033482179107,-2.0370974634248626,-2.5085966070817887,-1.5783689556354465
-12.86573146292585,0,-1.5447891989270042,-2.2452809470643627,-3.1442400621095605,-1.3463218320191648,-2.022949011364433,-2.486713635197017,-1.5619461032301445
-12.785571142284567,0,-1.732806348367906,-2.2321739459060193,-3.140062132721436,-1.3242857590906025,-1.9973798239309641,-2.468217665314475,-1.528976293089506
-12.705410821643287,0,-1.919325374696653,-2.219185563803832,-3.1356036139000194,-1.3027675137076447,-2.004747022862615,-2.4670455571336105,-1.5422556679778525
-12.625250501002004,0,-1.8688269061463645,-2.206312955322954,-3.1308844296458127,-1.2817414810000956,-2.00307656557851,-2.484489900333651,-1.540183933518875
-12.545090180360722,0,-2.0406839682508147,-2.1935533398479894,-3.1259228368396905,-1.2611838428562883,-1.9875310251670748,-2.4570874278977377,-1.518671700076046
-12.46492985971944,0,-1.85968846347232,-2.180904000445704,-3.1207355998593456,-1.2410724010320622,-1.95964629330658,-2.435192586487948,-1.4891700154312266
-12.384769539078157,0,-1.8732453134836344,-2.1683622827588094,-3.1153381424453634,-1.2213864230722553,-1.9197269525195306,-2.38917293483975,-1.4517605236926852
-12.304609218436871,0,-1.8682152958885807,-2.155925593930341,-3.109744680386382,-1.2021065074743005,-1.8608194518747159,-2.311043519824338,-1.3956577917885191
-12.224448897795591,0,-1.7658780997584331,-2.1435914015581976,-3.103968337944166,-1.1832144651722294,-1.7903559331348275,-2.2596173309104097,-1.3243110019790356
-12.14428857715431,0,-1.9301077055074376,-2.1313572326794072,-3.0980212504236717,-1.1646932149351428,-1.7023148673662487,-2.1683126823636676,-1.2236294502560945
-12.064128256513026,0,-1.9748118146620324,-2.119220672783706,-3.0919146548802106,-1.1465266906872016,-1.6389852075778968,-2.097677529512566,-1.1649053281743864
-11.983967935871744,0,-1.719149883681142,-2.1071793648560213,-3.085658970622979,-1.1286997590890637,-1.5953000815250244,-2.0528776995563827,-1.1386484065717546
-11.90380761523046,0,-1.503880871712793,-2.0952310084474677,-3.0792638709042666,-1.1111981459906688,-1.570059709571066,-2.0239192750461203,-1.1083115175902976
-11.82364729458918,0,-1.4136631820384695,-2.0833733587744865,-3.0727383469634035,-1.0940083705855694,-1.5573006105628957,-2.001821869596049,-1.1007807907008036
-11.743486973947896,0,-1.3952503617047098,-2.071604225845743,-3.066090765413816,-1.0771176862776706,-1.5603769680429056,-2.015371117282218,-1.0963270373012435
-11.663326653306614,0,-1.3270143180701592,-2.0599214736164506,-3.059328919812562,-1.0605140274203393,-1.543767545840095,-2.0030846764710017,-1.0798697940583462
-11.58316633266533,0,-1.418796646786119,-2.0483230191697483,-3.0524600771281687,-1.0441859612113282,-1.4990222463428862,-1.9561779423126566,-1.0495227468411936
-11.503006012024048,0,-1.252584450300894,-2.0368068319248316,-3.045491019719747,-1.0281226441299165,-1.4302440474715337,-1.897873897350774,-0.9736878297287388
-11.422845691382769,0,-1.2286727006915683,-2.0253709328714855,-3.03842808335427,-1.012313782388701,-1.4142624412691487,-1.8713346769765105,-0.9609260602731238
-11.342685370741483,0,-1.2184403651140032,-2.0140133938307287,-3.0312771917166126,-0.9967495959448451,-1.4513878990463736,-1.9039889391065141,-0.9829897135367286
-11.2625250501002,0,-1.2720662779615457,-2.00273233674125,-3.02404388780589,-0.9814207856766097,-1.4634526375706474,-1.918763110003754,-1.0052688810783796
-11.182364729458918,0,-1.2194917966008476,-1.991525932971367,-3.016733362560026,-0.9663185033827082,-1.4864914544338967,-1.9452534601940834,-1.0190492723579934
-11.102204408817636,0,-1.375646551799245,-1.9803924026561972,-3.0093504810064404,-0.951434324305954,-1.4846927841760589,-1.9494807575007027,-1.0334754470267737
-11.022044088176353,0,-1.3433936893123082,-1.9693300140597911,-3.0018998061993494,-0.9367602219202329,-1.495358179433927,-1.9556545639290384,-1.0330732797163915
-10.94188376753507,0,-1.4541533780955325,-1.9583370829619473,-2.9943856211719933,-0.9222885447519016,-1.4832824516583012,-1.9381811185060203,-1.035895533486895
-10.861723446893787,0,-1.5662441025684677,-1.947411972069459,-2.986811949104564,-0.9080119950343535,-1.4851151718848163,-1.9447991758319045,-1.0256679467511216
-10.781563126252506,0,-1.4229430203419908,-1.9365530904515373,-2.9791825718848237,-0.8939236090182507,-1.5021397816318305,-1.9568289671235355,-1.0443623502390882
-10.701402805611222,0,-1.7407786708693005,-1.9257588929991725,-2.971501047217844,-0.8800167387805009,-1.4959550099825518,-1.9421439663157156,-1.0604587301352555
-10.62124248496994,0,-1.5564683689195802,-1.9150278799081926,-2.963770724423509,-0.8662850353928762,-1.503797394187124,-1.9780055423267027,-1.0802328046571648
-10.54108216432866,0,-1.5996830735319298,-1.9043585961857878,-2.955994759044901,-0.8527224333266743,-1.5257176270429973,-1.9845105506915688,-1.103946481780263
-10.460921843687377,0,-1.649258058047314,-1.893749631180283,-2.948176126377213,-0.8393231359833531,-1.5217643253729674,-1.9753093976351583,-1.092844564084755
-10.380761523046091,0,-1.8540812810439908,-1.8831996181339292,-2.940317634015002,-0.8260816022528563,-1.533846188093573,-2.0031426546570237,-1.079063101113965
-10.30060120240481,0,-1.8313234706215415,-1.872707233758498,-2.9324219335052684,-0.8129925340117274,-1.5619210052862398,-2.018706212009317,-1.1257636065011418
-10.220440881763528,0,-1.7328008624826652,-1.8622711978334745,-2.9244915311847546,-0.8000508644821946,-1.6088975645892598,-2.066815623230715,-1.1714612397317923
-10.140280561122244,0,-1.785590983839276,-1.8518902728266262,-2.9165287982718393,-0.7872517473814131,-1.6338677598810782,-2.0864560239330023,-1.1871398880613666
-10.060120240480964,0,-1.785958636038168,-1.8415632635367514,-2.908535980276367,-0.7745905467971359,-1.6399241537577478,-2.0980094863329795,-1.1993942525078414
-9.97995991983968,0,-1.9792835211702533,-1.8312890167583893,-2.9005152057844663,-0.7620628277323123,-1.6626323920196597,-2.1139323931963414,-1.2308563702050657
-9.899799599198396,0,-1.9606788837738651,-1.8210664209682983,-2.8924684946699104,-0.7496643472666862,-1.707413914200119,-2.168719151817999,-1.2649272873228892
-9.819639278557114,0,-1.996993826708632,-1.8108944060334833,-2.884397765778617,-0.7373910462883497,-1.7335878286859683,-2.1927331205540583,-1.2977244000268087
-9.739478957915832,0,-1.8941758894468963,-1.800771942940568,-2.876304844128517,-0.7252390417526189,-1.7809665242089143,-2.245388503832802,-1.321932470827238
-9.65931863727455,0,-1.87963833474172,-1.7906980435463082,-2.8681914676631286,-0.7132046194294879,-1.813222288103397,-2.279279752806422,-1.3468056717639958
-9.579158316633269,0,-1.754132925391818,-1.7806717603490259,-2.860059293593644,-0.7012842271044075,-1.8257772176081881,-2.309012755303797,-1.3554639876261105
-9.498997995991983,0,-1.8323980017471544,-1.770692186280744,-2.851909904361241,-0.6894744682002474,-1.819114395323913,-2.280986685872052,-1.3676108216089211
-9.4188376753507,0,-2.042034924359545,-1.7607584545198098,-2.8437448132485055,-0.6777720957911142,-1.8420831675322225,-2.302014521674079,-1.3879502597145428
-9.33867735470942,0,-1.9711388076573289,-1.7508697383237677,-2.835565469666342,-0.6661740069811932,-1.8906317387164828,-2.3622307864594276,-1.4582218957892197
-9.258517034068136,0,-1.8696312528935684,-1.741025250882239,-2.827373264140452,-0.6546772376240262,-1.9235329837609856,-2.3945509220440413,-1.4831857779321933
-9.178356713426854,0,-1.834215901772654,-1.7312242451895847,-2.8191695330194495,-0.6432789573597197,-1.9432443871406238,-2.397993297008354,-1.494982041582408
-9.098196392785573,0,-2.056329996637777,-1.7214660139370652,-2.8109555629247955,-0.6319764649493351,-1.9500566132627235,-2.402557902733996,-1.48035892268514
-9.01803607214429,0,-2.002618786961011,-1.7117498894242464,-2.8027325949610624,-0.6207671838874302,-1.94177984679959,-2.4151125883818443,-1.4650705110324596
-8.937875751503006,0,-1.9529718208562343,-1.702075243489371,-2.7945018287035532,-0.6096486582751885,-1.919698563363524,-2.40930790887769,-1.4644890865023925
-8.857715430861724,0,-2.139295984679851,-1.6924414874583813,-2.786264425978851,-0.5986185489379117,-1.9318509516894447,-2.4048772014989193,-1.4816060047360322
-8.777555110220442,0,-1.9699367654387536,-1.682848072112296,-2.7780215144526847,-0.5876746297719075,-1.9266965550875839,-2.3975253752374495,-1.4611790825715665
-8.697394789579159,0,-1.9553285495105048,-1.6732944876726026,-2.7697741910383105,-0.5768147843068945,-1.95274875648588,-2.4480404196195398,-1.4773249601598373
-8.617234468937877,0,-1.751869015342391,-1.6637802638043098,-2.761523525137566,-0.5660370024710539,-1.964179473221308,-2.4429176288334915,-1.4985503890189762
-8.537074148296593,0,-1.7426529768125316,-1.654304969636291,-2.7532705617257998,-0.5553393775467821,-1.9629721858875502,-2.4632206301029944,-1.4824809813424662
-8.456913827655312,0,-1.8913716923483852,-1.6448682137985138,-2.745016324291005,-0.5447201033060227,-1.9491387182200544,-2.428728241289316,-1.475151039085369
-8.376753507014028,0,-1.8182196111608968,-1.6354696444757366,-2.7367618176366544,-0.5341774713148189,-1.919938542811967,-2.39888296625694,-1.4609520382256875
-8.296593186372746,0,-1.8773149567521916,-1.6261089494772123,-2.7285080305570233,-0.5237098683974011,-1.9219698166735357,-2.382231141643751,-1.4452190205991304
-8.216432865731463,0,-1.887503659685556,-1.6167858563219268,-2.7202559383930724,-0.5133157742507815,-1.9544250953049345,-2.438644727483759,-1.483526862121814
-8.136272545090181,0,-1.815898032868691,-1.6075001323388425,-2.7120065054763343,-0.5029937592013507,-1.9694328086107302,-2.44990872440089,-1.495094359710088
-8.056112224448897,0,-1.6279348824091882,-1.5982515847816,-2.703760687467672,-0.49274248209552773,-2.0172134082159987,-2.4990917573201665,-1.5239237867726725
-7.975951903807616,0,-1.8762026785183428,-1.5890400609570943,-2.6955194335972177,-0.48256068831697063,-2.0542852710471906,-2.554729853322687,-1.5643855900198251
-7.895791583166334,0,-1.9641327260833452,-1.579865448367293,-2.6872836888112976,-0.472447207923288,-2.077088587543283,-2.5774809853127554,-1.5952727831596512
-7.81563126252505,0,-2.006735959076821,-1.570727674863616,-2.679054395831671,-0.46240095389556135,-2.0917409302949226,-2.5845141078032268,-1.6063256316022434
-7.735470941883769,0,-2.0900637615863142,-1.561626708813172,-2.6708324971319723,-0.45242092049437144,-2.13519166542094,-2.6196610189991194,-1.643982416410602
-7.655310621242485,0,-2.016811912812534,-1.5525625592760715,-2.662618936835827,-0.44250618171631606,-2.172254403637124,-2.6640211687513866,-1.702396255327137
-7.575150300601203,0,-2.155845748800019,-1.5435352761930206,-2.654414662540728,-0.4326558898453128,-2.199820136678536,-2.6789072129940523,-1.724655635598916
-7.49498997995992,0,-2.273838984403316,-1.5345449505822908,-2.646220627071367,-0.42286927409321473,-2.213717738207136,-2.7168293247781325,-1.7258591033017832
-7.414829659318638,0,-2.390279389319092,-1.5255917147451772,-2.638037790165808,-0.41314563932454607,-2.2668671274697756,-2.763658744187517,-1.7815693546082851
-7.334669338677354,0,-2.4694841065102,-1.5166757424789201,-2.6298671200975208,-0.40348436486031947,-2.3160870752322915,-2.811974382112344,-1.8461101849459927
-7.254509018036073,0,-2.5079929028607126,-1.5077972492960612,-2.6217095952359926,-0.3938849033561298,-2.359968904574882,-2.842188465185339,-1.8686621276487236
-7.174348697394791,0,-2.543882710141694,-1.4989564926491097,-2.6135662055483557,-0.3843467797498634,-2.3966520863395373,-2.9159911465976767,-1.8865644054622488
-7.094188376753507,0,-2.816361456767755,-1.490153772159339,-2.6054379540441577,-0.37486959027452027,-2.427138337531188,-2.9502807787493186,-1.9153773006656225
-7.014028056112226,0,-2.9937930173250056,-1.4813894298484445,-2.5973258581651306,-0.3654530015317585,-2.4515217116382755,-2.968561776579832,-1.928928373461133
-6.933867735470942,0,-3.010329064206285,-1.4726638503717384,-2.5892309511215714,-0.35609674962190563,-2.4721256259202544,-2.9941573712001013,-1.9565405838113383
-6.85370741482966,0,-2.7143994250427466,-1.4639774612514793,-2.5811542831766867,-0.3468006393262719,-2.487777920932111,-3.0158574704970595,-1.9532411318152356
-6.773547094188377,0,-2.8212969586980674,-1.4553307331088194,-2.573096922879981,-0.33756454333765773,-2.4973986369445638,-3.010263739428451,-1.9733837146852653
-6.693386773547095,0,-2.784020170542536,-1.4467241798928332,-2.5650599582505933,-0.32838840153507287,-2.498755590314373,-3.0182835197129343,-1.9706892977423462
-6.613226452905812,0,-2.658489227996232,-1.43815835910493,-2.5570444979111904,-0.31927222029866975,-2.4983256344737157,-3.0165497732401896,-1.960233160168564
-6.53306613226453,0,-2.704075784908825,-1.4296338720169348,-2.549051672172861,-0.31021607186100875,-2.4943452094634537,-3.023867641023564,-1.9549302977866179
-6.452905811623246,0,-2.573632160246339,-1.4211513638809754,-2.541082634071202,-0.301220093690749,-2.486007663981365,-3.050897289624688,-1.9508645399934383
-6.3727454909819645,0,-2.6441731035079417,-1.4127115241292596,-2.533138560353597,-0.29228448790492223,-2.469825910892862,-3.0264260397326392,-1.9372925513294588
-6.292585170340683,0,-2.61079979041876,-1.404315086561706,-2.525220652417473,-0.2834095207059393,-2.5063414078983643,-3.0643069953527187,-1.961666987682554
-6.212424849699399,0,-2.543301594164063,-1.3959628295193254,-2.517330137199143,-0.27459552183950753,-2.5358664151925203,-3.094897606522298,-2.001195282659387
-6.1322645290581175,0,-2.605242074207943,-1.3876555760411162,-2.5094682680126237,-0.26584288406960854,-2.560917032707291,-3.121715885171545,-2.009720619650203
-6.052104208416834,0,-2.727556242806157,-1.3793941940021652,-2.5016363253376306,-0.2571520626666999,-2.579019252541339,-3.1182070225240475,-2.028196528603224
-5.971943887775552,0,-2.5646013763623112,-1.3711795962305509,-2.493835617555807,-0.2485235749052943,-2.5955652750637133,-3.158742402207917,-2.0599545355356805
-5.891783567134269,0,-2.5640470482064788,-1.3630127406005244,-2.4860674816340165,-0.23995799956703223,-2.606751421275418,-3.165957246412727,-2.052183168254494
-5.811623246492987,0,-2.478274183281899,-1.3548946300993698,-2.4783332837533765,-0.2314559764453632,-2.6168231594921405,-3.1926720667404576,-2.067311137161652
-5.731462925851703,0,-2.3571865367019043,-1.3468263128652394,-2.470634419882564,-0.22301820584791465,-2.627134799950737,-3.1974478845575875,-2.0829395869928278
-5.651302605210422,0,-2.400379844674344,-1.3388088821931625,-2.4629723162937234,-0.2146454480926019,-2.6337485972379624,-3.1983664884856853,-2.0712593505738273
-5.571142284569138,0,-2.637234278452964,-1.3308434765063561,-2.4553484300191886,-0.20633852299352373,-2.6322607853578015,-3.203750454382813,-2.0851989838410168
-5.490981963927856,0,-2.5218055404882755,-1.3229312792898344,-2.4477642492470553,-0.1980983093326134,-2.6308847977748755,-3.1970921035224023,-2.0718644487340705
-5.410821643286575,0,-2.4669587794680523,-1.3150735189832887,-2.4402212936535252,-0.1899257443130522,-2.624845413375625,-3.199883122035307,-2.085540986904387
-5.330661322645291,0,-2.629378064120298,-1.3072714688300875,-2.4327211146697914,-0.18182182299038363,-2.6161941791947867,-3.184318356428951,-2.0689962118321423
-5.250501002004009,0,-2.662403566962747,-1.2995264466791872,-2.425265295681127,-0.17378759767724716,-2.6012966593702194,-3.1528585069065813,-2.057011350875063
-5.170340681362726,0,-2.4333408994991053,-1.291839814736683,-2.4178554521557043,-0.16582417731766141,-2.5825474577514704,-3.1447577019899478,-2.0477745444102444
-5.090180360721444,0,-2.458600264951931,-1.284212979263672,-2.4104932317006003,-0.15793272682674386,-2.5600520210839783,-3.0958024959223787,-2.0432918744156874
-5.01002004008016,0,-2.598940189172272,-1.2766473902170548,-2.40318031404233,-0.15011446639177972,-2.5375440734845767,-3.0771440947459867,-2.003717923559036
-4.929859719438879,0,-2.567664673459492,-1.2691445408298487,-2.3959184109291685,-0.142370670730529,-2.5103940527543838,-3.0481154515982416,-1.9831274518272255
-4.849699398797595,0,-2.559803754396411,-1.2617059671275883,-2.3887092659524845,-0.13470266830269217,-2.4827174383080455,-3.0282158076617915,-1.9331855946289065
-4.769539078156313,0,-2.598314185208908,-1.2543332473773554,-2.3815546542842263,-0.12711184047048474,-2.4469954382720744,-2.996067321694844,-1.919444874078851
-4.68937875751503,0,-2.489228630787136,-1.2470280014659805,-2.374456382327679,-0.11959962060428198,-2.4020002838419194,-2.9246543499572404,-1.8895113969367066
-4.609218436873748,0,-2.335083200934874,-1.2397918902040048,-2.3674162872786213,-0.11216749312938834,-2.3474756848525877,-2.8750685565013314,-1.83617664204382
-4.529058116232466,0,-2.4173931162468305,-1.2326266145519846,-2.360436236593958,-0.10481699251001109,-2.2946194027505564,-2.8067650091111735,-1.8052417536041359
-4.448897795591183,0,-2.2965255362395296,-1.2255339147658018,-2.3535181273649757,-0.09754970216662762,-2.2300668601106843,-2.734234665393154,-1.7526969062363207
-4.368737474949901,0,-2.0083824026431216,-1.2185155694577157,-2.346663885592391,-0.09036725332304041,-2.1587104098067034,-2.642939334105522,-1.6891678033232678
-4.2885771543086175,0,-2.190427090443875,-1.2115733945699652,-2.339875465360419,-0.0832713237795113,-2.12682034845096,-2.6051141182650883,-1.6814444848742232
-4.208416833667336,0,-2.0468521603431364,-1.2047092422578674,-2.3331548479071937,-0.07626363660854096,-2.1327379228527947,-2.618391325343134,-1.6729595311818237
-4.128256513026052,0,-2.1615680495681717,-1.1979249996794925,-2.3265040405889774,-0.06934595877000782,-2.128721845354468,-2.625030428777067,-1.6676669641850153
-4.0480961923847705,0,-2.319186019629894,-1.1912225876891502,-2.3199250757357275,-0.06252009964257299,-2.1142875606223734,-2.6045171024495266,-1.6491776369370048
-3.9679358717434887,0,-2.490350881078886,-1.1846039594321267,-2.313420009395777,-0.05578790946847656,-2.0889936199435826,-2.577944492262693,-1.6143816369100938
-3.887775551102205,0,-2.5022780539373386,-1.1780710988383276,-2.306990919967555,-0.04915127770910033,-2.049155469559244,-2.5376089212579482,-1.5878573647408738
-3.8076152304609217,0,-2.533123077990565,-1.171626019012709,-2.3006399067165026,-0.04261213130891539,-2.004116570840443,-2.4904375183691116,-1.546660289140385
-3.7274549098196417,0,-2.466742212916709,-1.165270760520688,-2.2943690881756114,-0.03617243286576466,-1.994466985674569,-2.4730509447421474,-1.537808881895383
-3.647294589178358,0,-2.430892996469733,-1.1590073895669935,-2.2881806004282574,-0.029834178705729464,-1.9692682334463734,-2.4605664949076247,-1.4912946898230257
-3.5671342685370746,0,-2.2104312162451945,-1.152837996066783,-2.28207659527236,-0.023599396861206046,-1.9288198883554302,-2.4053374516140567,-1.4468745885515684
-3.486973947895791,0,-2.0529635493987994,-1.146764691608178,-2.2760592382651845,-0.017470144951171163,-1.8804167772780866,-2.358685843835517,-1.4041576071319157
-3.406813627254511,0,-1.8242037997721083,-1.1407896073058128,-2.270130706648547,-0.011448507963078391,-1.8133440503213842,-2.2871234230288326,-1.342010335972584
-3.326653306613228,0,-1.779635291992222,-1.134914891545369,-2.2642931871545167,-0.005536595936221467,-1.7733148654317774,-2.249779862935938,-1.317725552975016
-3.246492985971944,0,-1.976703155045584,-1.1291427076195502,-2.2585488736921926,0.00026345845309205806,-1.7180010455098855,-2.1651595476220433,-1.2560890795929258
-3.1663326653306605,0,-1.969281977633077,-1.1234752312564236,-2.2528999649165753,0.005949502403728157,-1.6868476896617417,-2.117413437237068,-1.2274476004147548
-3.0861723446893805,0,-1.8386681146092976,-1.1179146480415643,-2.247348661681042,0.011519365597913334,-1.6370739131147298,-2.0848446851583327,-1.1820815983187467
-3.006012024048097,0,-1.7265238752773866,-1.1124631507359712,-2.241897164375449,0.016970862903506356,-1.5657158335027717,-2.0115014057404843,-1.1156222491836207
-2.925851703406813,0,-1.5501860483108778,-1.1071229364922812,-2.236547670152433,0.022301797167870507,-1.5144469554554099,-1.9474866170043394,-1.050637187260256
-2.845691382765533,0,-1.3043444830780788,-1.1018962039723958,-2.231302370045038,0.027509962100246366,-1.4770662703644215,-1.9196277171141427,-1.0068224404201191
-2.76553106212425,0,-1.3495635463532654,-1.096785150370214,-2.2261634459793616,0.03259314523893364,-1.454519414480685,-1.9020501214587506,-0.9988616557506357
-2.6853707414829664,0,-1.5492996775089702,-1.0917919683438044,-2.221133067686539,0.03754913099892998,-1.4431844246937877,-1.9044968686936763,-0.9993238386485735
-2.605210420841683,0,-1.5562335444007218,-1.0869188428619507,-2.2162133895189573,0.04237570379505606,-1.448071496857483,-1.9018747532336233,-0.989671173985503
-2.525050100200403,0,-1.631335828070848,-1.0821679479706552,-2.211406547176232,0.04707065123492171,-1.4679467764650878,-1.931840881486331,-1.006788005651439
-2.44488977955912,0,-1.5136843924302443,-1.0775414434858201,-2.206714654347084,0.05163176737544384,-1.5010485680540073,-1.9706525574246758,-1.0245552017429356
-2.364729458917836,0,-1.5932297586773154,-1.0730414716189727,-2.202139799273896,0.056056856035950675,-1.549109826915089,-2.01667005322658,-1.0883575249205706
-2.2845691382765523,0,-1.6216363114262324,-1.0686701535435053,-2.1976840412472987,0.060343734160288376,-1.5780423830361343,-2.047413926287483,-1.121683727836874
-2.2044088176352723,0,-1.5927366737898638,-1.064429585909576,-2.193349407038803,0.06449023521965103,-1.5799671366383785,-2.0725598601440387,-1.1145116636463437
-2.1242484969939888,0,-1.6712079518196925,-1.0603218373163763,-2.1891378872800265,0.06849421264727384,-1.6029030484605942,-2.0754025870070074,-1.1548938398805828
-2.044088176352705,0,-1.6633495479137717,-1.0563489447510872,-2.1850514327976645,0.07235354329549004,-1.6452041365786683,-2.1158542097013773,-1.1760508594116468
-1.9639278557114253,0,-1.7798033142749352,-1.0525129100044046,-2.1810919509138893,0.07606613090508008,-1.66412125667467,-2.140486019434161,-1.203762182178949
-1.8837675350701413,0,-1.7346839220114048,-1.0488156960730242,-2.1772613017223508,0.07962990957630223,-1.6675588973478044,-2.129257748328663,-1.1889067981621873
-1.8036072144288584,0,-1.924300149980353,-1.0452592235600056,-2.1735612943504594,0.0830428472304483,-1.653678180528459,-2.1416047875657487,-1.173720387162252
-1.7234468937875749,0,-1.8054206250295863,-1.0418453670843388,-2.169993683219014,0.08630294905033642,-1.6173853188518277,-2.078254638641382,-1.1353124879613363
-1.643286573146295,0,-1.881617982413491,-1.0385759517114637,-2.1665601643106376,0.08940826088771048,-1.5572486408578226,-2.0189424512217475,-1.0820640539194528
-1.5631262525050111,0,-1.7326719136499702,-1.0354527494168224,-2.1632623714587957,0.09235687262515113,-1.4739641468108626,-1.9321435908842306,-0.9982660920361804
-1.4829659318637276,0,-1.4409552667743304,-1.0324774755948074,-2.160101872669424,0.09514692147980908,-1.4104554600507415,-1.8783823771307602,-0.9245395615738183
-1.402805611222444,0,-1.471896394610483,-1.0296517856256888,-2.157080166487387,0.09777659523600968,-1.3946837513153554,-1.8832377261170503,-0.9004863807990834
-1.322645290581164,0,-1.5239826594936956,-1.026977271513238,-2.1541986784201086,0.10024413539363275,-1.351661430547073,-1.8247491878067204,-0.8652109297798757
-1.2424849699398806,0,-1.4585348277213563,-1.0244554586058492,-2.1514587574307455,0.10254784021904695,-1.3175908752102081,-1.8010446281600723,-0.832098926595399
-1.162324649298597,0,-1.5698669257660254,-1.022087802413952,-2.148861672513272,0.10468606768536781,-1.2609671664822253,-1.7377368019834545,-0.7808417346771979
-1.082164328657317,0,-1.3886873325376052,-1.0198756855364042,-2.1464086093616794,0.10665723828887086,-1.2073364698783802,-1.6829534530461212,-0.7101712324187046
-1.0020040080160335,0,-1.3611021234140637,-1.0178204147084122,-2.1441006671453406,0.1084598377285162,-1.1587617248345066,-1.6296100684469355,-0.6370463430703687
-0.92184368737475,0,-0.9930375679253828,-1.0159232179832511,-2.1419388554022727,0.11009241943577042,-1.081913099331216,-1.5707770701601018,-0.565050697856567
-0.8416833667334664,0,-0.8751754650424717,-1.0141852420597315,-2.1399240910616717,0.1115536069422085,-1.0044197354792215,-1.4863498117085279,-0.4928620300491013
-0.7615230460921865,0,-0.974447357924334,-1.0126075497669167,-2.1380571956066206,0.11284209607278739,-0.9259978326864758,-1.4121339789152891,-0.4100849299938437
-0.6813627254509029,0,-0.8142260516095033,-1.0111911177171262,-2.1363388923873625,0.1139566569531103,-0.8430712243223887,-1.3297859943460284,-0.3072877323375747
-0.6012024048096194,0,-0.8729507655875428,-1.0099368341376265,-2.134769804094848,0.11489613581959479,-0.7958569118045569,-1.3099469813580844,-0.24366154640268217
-0.5210420841683359,0,-0.4968210345962477,-1.0088454968907883,-2.1333504504036207,0.11565945662204413,-0.738947043222768,-1.23956432242384,-0.18636516957088395
-0.4408817635270559,0,-0.3544128689226175,-1.0079178116917127,-2.132081245792273,0.11624562240884795,-0.6720636121136987,-1.1835522271592116,-0.11138357568141985
-0.3607214428857723,0,-0.3649572751123494,-1.0071543905315496,-2.1309624975488743,0.11665371648577505,-0.5923886492075576,-1.100783400858898,-0.026759677539472504
-0.2805611222444888,0,-0.2825282025136063,-1.0065557503138345,-2.1299944039678413,0.11688290334017215,-0.5379782506775185,-1.061770364739872,0.04924184779022042
-0.2004008016032088,0,-0.3298320073537271,-1.0061223117102438,-2.129177052743736,0.11693242932324832,-0.47052188856060384,-0.9886025380748978,0.1101113468591232
-0.1202404809619253,0,-0.5587072784627742,-1.0058543982411912,-2.1285104195664477,0.11680162308406539,-0.4243683817421454,-0.9498141292258505,0.13463619855219255
-0.0400801603206417,0,-0.6443926276974274,-1.0057522355856505,-2.127994366921116,0.11648989574981483,-0.39649978729321045,-0.9262843582076725,0.18115350570236355
0.0400801603206417,0,-0.4285147347775062,-1.005815951123529,-2.1276286430950364,0.11599674084797873,-0.39180592494706273,-0.9171239113900218,0.20383525830478902
0.1202404809619217,0,-0.4718313378288479,-1.006045573712828,-2.1274128813926456,0.11532173396698986,-0.3671367729159607,-0.9025582644453586,0.2246682923050488
0.2004008016032052,0,-0.489189567394056,-1.0064410337027154,-2.127346599558482,0.1144645321530513,-0.31908967512380493,-0.8476635770369066,0.28112039829509217
0.2805611222444888,0,-0.5803702802842313,-1.0070021631825086,-2.127429199406846,0.1134248730418288,-0.2878256928325282,-0.8138825425598127,0.3204451294415708
0.3607214428857723,0,-0.4832941377812141,-1.0077286964654661,-2.127659966655693,0.11220257372476028,-0.2749544994678366,-0.8067182666535352,0.33867342581231263
0.4408817635270523,0,-0.3371185216068234,-1.0086202708051588,-2.128038070961085,0.11079752935076725,-0.27941074460539855,-0.8276447517013397,0.3209677177514179
0.5210420841683359,0,-0.2974854976384797,-1.0096764273411123,-2.1285625661473726,0.10920971146514802,-0.2985306447771274,-0.848000628499734,0.2937153912264495
0.6012024048096194,0,-0.4463288545438382,-1.0108966122693324,-2.1292323906270925,0.10743916608842796,-0.2967907238759732,-0.8257322117778574,0.28758951505736363
0.6813627254508994,0,-0.3766389524077141,-1.0122801782323312,-2.1300463680034927,0.10548601153883053,-0.3106380972349988,-0.8359689356284495,0.2839032035846323
0.7615230460921829,0,-0.571253991536419,-1.0138263859222352,-2.131003207847443,0.10335043600297245,-0.2999346689766029,-0.8411668473090234,0.30127583816762665
0.8416833667334664,0,-0.3489723412285939,-1.0155344058896802,-2.132101506639513,0.10103269486015254,-0.3091849533388189,-0.8507190910845573,0.2834135576985888
0.92184368737475,0,-0.329926997381421,-1.0174033205502766,-2.1333397488669625,0.09853310776640911,-0.2935324112596268,-0.8443853884355331,0.2866124961304327
1.00200400801603,0,-0.1233021272559632,-1.0194321263796515,-2.13471630826447,0.09585205550516718,-0.2955214964229028,-0.8436867581604637,0.2964346890985166
1.0821643286573135,0,-0.0362361415125621,-1.0216197362873114,-2.1362294491865574,0.09298997661193487,-0.3144295791444475,-0.8529888566351499,0.25951450294051714
1.162324649298597,0,0.0203509388456572,-1.0239649821589119,-2.1378773280988432,0.08994736378101953,-0.3519603165885371,-0.9072163410846887,0.23510066712924893
1.2424849699398806,0,0.0085039142772946,-1.0264666175559503,-2.1396579951745505,0.08672476006265017,-0.4104913505135853,-0.9635720467006208,0.17033296014513666
1.3226452905811603,0,-0.0803706701689847,-1.0291233205613461,-2.1415693959819775,0.08332275485928498,-0.4483997255930177,-0.9975765007408675,0.14662778555149064
1.402805611222444,0,0.0070424755108364,-1.03193369675901,-2.1436093732480863,0.07974197973006603,-0.467433539411598,-0.9970242497130487,0.09860369295090267
1.4829659318637276,0,-0.0393585436137328,-1.0348962823351195,-2.1457756686828273,0.07598310401258823,-0.4662422390969961,-0.9893456400468382,0.11136042257649893
1.5631262525050076,0,-0.1461956236062722,-1.038009547288576,-2.148065924848331,0.07204683027117942,-0.4513610985705353,-0.9735725335868842,0.1321119313228241
1.6432865731462911,0,-0.0884504678004311,-1.0412718987379683,-2.150477687056769,0.06793388958083213,-0.45472578885633325,-0.960206653202331,0.1199442850337728
1.7234468937875749,0,-0.3399950205868624,-1.0446816843122522,-2.153008405280307,0.06364503665580257,-0.48398597121375364,-1.0065605729690599,0.1052744902649093
1.8036072144288584,0,-0.3944415347177811,-1.04823719561237,-2.155655436056375,0.059181044831635,-0.4945881733185477,-1.0128337234634903,0.08447076740406138
1.8837675350701384,0,-0.2868300210177857,-1.0519366717310978,-2.1584160443712213,0.0545427009090258,-0.48380122614527266,-1.007041992735502,0.12761285551316073
1.9639278557114217,0,-0.0823706389218809,-1.0557783028185501,-2.1612874055046225,0.049730799867522046,-0.4960656279066331,-1.0230701119457224,0.10092950266999068
2.044088176352705,0,-0.3723252153793807,-1.059760233680996,-2.1642666068184875,0.04474613945649586,-0.5339343071359377,-1.0941400194613955,0.059586218381033826
2.1242484969939888,0,-0.4719152267919154,-1.063880567400918,-2.1673506494720636,0.03958951467022742,-0.5517090220705736,-1.0838577465308668,0.026381311675867436
2.2044088176352687,0,-0.3871927449879394,-1.068137368966576,-2.170536450046387,0.03426171211323514,-0.5966581672185739,-1.1297985327958497,-0.022881411164484985
2.2845691382765523,0,-0.619938964564848,-1.0725286688997717,-2.1738208420606897,0.028763504261146045,-0.6240359628598601,-1.154837680215576,-0.039118595387805474
2.364729458917836,0,-0.5775605319745922,-1.0770524668708907,-2.177200577363382,0.023095643621600326,-0.6397957267715664,-1.177483700177705,-0.06736051473075472
2.444889779559116,0,-0.4486789329669443,-1.0817067352908758,-2.1806723273803845,0.01725885679863315,-0.6458142786489978,-1.1841849623860554,-0.08691268654465086
2.5250501002004,0,-0.3761895109726758,-1.0864894228702324,-2.1842326842034883,0.011253838463023413,-0.6011189938239716,-1.1381540743736114,-0.0376796405828265
2.605210420841683,0,-0.2096145085582706,-1.091398458135787,-2.1878781615014953,0.00508124522992115,-0.5375268130368522,-1.065314403851756,0.02072879214549687
2.6853707414829664,0,-0.2236157166920773,-1.096431752896475,-2.1916051952368636,-0.001258310556086606,-0.5032105259586105,-1.0145163562412107,0.0523826714391416
2.7655310621242464,0,-0.4542261328281028,-1.1015872056500646,-2.195410144170534,-0.007764267129594993,-0.4924056768302074,-1.0117769311141924,0.09148207026721132
2.84569138276553,0,-0.3878764948726177,-1.1068627049233317,-2.1992892901375143,-0.014436119709149375,-0.45930003271467246,-0.9777999279804126,0.09235295429694859
2.925851703406813,0,-0.4505317921698459,-1.1122561325388376,-2.203238838075654,-0.021273427002021394,-0.4504816212795136,-0.9590196811454669,0.09263566012799644
3.006012024048097,0,-0.5419354017784116,-1.1177653668021228,-2.2072549157898527,-0.0282758178143927,-0.46064413442495966,-0.9769941505373638,0.07443033638772481
3.086172344689377,0,-0.2910559593148374,-1.123388285603728,-2.211333573433593,-0.03544299777386306,-0.492938423953061,-0.9970444202024391,0.05090013009315167
3.1663326653306605,0,-0.2119005897603069,-1.1291227694311357,-2.2154707826893487,-0.04277475617292281,-0.5117550227758443,-1.0123780311725865,0.0202011958631287
3.246492985971944,0,-0.3030339251474246,-1.1349667042863032,-2.2196624356288774,-0.05027097294372873,-0.5497078683002813,-1.038895838896514,-0.040584434329622374
3.326653306613224,0,-0.3333631009947196,-1.1409179845051272,-2.223904343233823,-0.05793162577643174,-0.5765523994757473,-1.0572439384775785,-0.07247457433011598
3.4068136272545075,0,-0.293599963976471,-1.1469745154757218,-2.2281922335562188,-0.06575679739522511,-0.6248909002264357,-1.0963098108834868,-0.11105445159109545
3.486973947895791,0,-0.3390685098369971,-1.1531342162530174,-2.2325217494976357,-0.07374668300839904,-0.6998954419741075,-1.1703073519996696,-0.18838023539143928
3.5671342685370746,0,-0.5884315988755539,-1.1593950220677103,-2.2368884461845306,-0.08190159795089014,-0.801475738946187,-1.2655993489483337,-0.28605476199094715
3.6472945891783546,0,-0.5053318577299355,-1.1657548867281642,-2.2412877879161135,-0.0902219855402151,-0.8983652570021727,-1.351694027229246,-0.39906865603369907
3.727454909819638,0,-0.6909334092272015,-1.172211784914339,-2.2457151446594725,-0.09870842516920542,-0.9928552580071515,-1.4348012752477064,-0.4987665763339747
3.8076152304609217,0,-0.4497660088961569,-1.1787637143633116,-2.2501657880649235,-0.10736164066169951,-1.1189793861390254,-1.5823669962602709,-0.6400318488370711
3.887775551102205,0,-0.5556562272802021,-1.1854086979464393,-2.254634886972516,-0.1161825089203623,-1.2509818967761672,-1.7173408757886102,-0.7395867707517227
3.967935871743485,0,-0.7407884934753861,-1.1921447856385925,-2.259117502378208,-0.12517206889897703,-1.3520159894479784,-1.832384856881159,-0.8410107825565581
4.048096192384769,0,-0.9440834254567144,-1.198970056380305,-2.263608581825518,-0.1343315309350921,-1.423081548469222,-1.8916270647081288,-0.9183721440522424
4.128256513026052,0,-0.8967862049188146,-1.2058826198340604,-2.2681029531853403,-0.14366228648278057,-1.4711096853394376,-1.9468483295966765,-0.9868074241607883
4.208416833667332,0,-1.0056929857857275,-1.2128806180362401,-2.2725953177830105,-0.15316591828946957,-1.5300735352283263,-1.9987468458607032,-1.0407814999824005
4.288577154308616,0,-1.1222464288197067,-1.2199622269466013,-2.277080242827674,-0.16284421106552838,-1.5631132289126655,-2.051019735091225,-1.0702113951493712
4.368737474949899,0,-1.1442488993378848,-1.2271256578973802,-2.28155215309431,-0.17269916270045016,-1.5776570334818443,-2.0635997467973746,-1.079202350146278
4.448897795591183,0,-1.2284484132924356,-1.23436915894442,-2.2860053218035334,-0.18273299608530635,-1.5713726710689513,-2.0502308942307033,-1.0829587047124671
4.529058116232463,0,-1.1648671371775214,-1.2416910161228778,-2.290433860638194,-0.1929481716075614,-1.5825505859859579,-2.059999293375828,-1.1015292972327626
4.609218436873746,0,-1.1394807718875617,-1.2490895546103213,-2.294831708828993,-0.20334740039164978,-1.5707487922907553,-2.0449640395332835,-1.115456630331521
4.68937875751503,0,-1.1692257127655408,-1.2565631398001256,-2.299192621233412,-0.2139336583668392,-1.5747918421814961,-2.0368972871876667,-1.1215943151488834
4.769539078156313,0,-1.0165268462073211,-1.2641101782882789,-2.303510155323384,-0.22471020125317365,-1.557883920904809,-2.0236404187120454,-1.1011572645138064
4.849699398797593,0,-1.1591315757415976,-1.2717291187767845,-2.30777765698683,-0.2356805805667388,-1.5559967574907565,-2.005554513778185,-1.1045839544866887
4.929859719438877,0,-1.358686904231651,-1.2794184528969557,-2.3119882450365137,-0.24684866075739764,-1.575630777632557,-2.0287132911248524,-1.132880011875338
5.01002004008016,0,-1.4128248543577713,-1.2871767159559653,-2.3161347943062083,-0.25821863760572206,-1.5677788979069682,-2.0007983493754917,-1.1216691411915967
5.09018036072144,0,-1.4673077451792993,-1.2950024876100783,-2.320209917198737,-0.26979505802141945,-1.5404659944206296,-1.979547530534753,-1.1099395565140922
5.170340681362724,0,-1.4346249124234547,-1.3028943924680259,-2.3242059435326663,-0.28158284140338563,-1.532195796363777,-1.9783738053791555,-1.0973260916807719
5.250501002004008,0,-1.378196709707095,-1.310851100627968,-2.328114898513851,-0.29358730274208455,-1.5388371619154066,-1.9873246382896907,-1.093861672307404
5.330661322645291,0,-1.2420171493086052,-1.3188713281515596,-2.331928478634344,-0.30581417766877506,-1.5611364813367983,-1.9959728892116895,-1.1045169498906495
5.410821643286571,0,-1.3265561138329118,-1.3269538374785532,-2.335638025273468,-0.31826964968363836,-1.6011313559080953,-2.0458036071886614,-1.1506141389978355
5.490981963927855,0,-1.3183306074040748,-1.3350974377853877,-2.339234495743808,-0.3309603798269676,-1.6612086618522772,-2.1098195000233857,-1.2115271378681103
5.571142284569138,0,-1.3472330600158735,-1.3433009852911717,-2.342708431487283,-0.3438935390950606,-1.7001265639866756,-2.1512506377862044,-1.2545900255266813
5.651302605210418,0,-1.7940824968370417,-1.3515633835144045,-2.346049923082477,-0.357076843946332,-1.7560294004608927,-2.1934450573111888,-1.302180274068668
5.731462925851702,0,-1.70846944830943,-1.3598835834837477,-2.349248571672665,-0.37051859529483055,-1.798994529658143,-2.2438514351343297,-1.3429953356921849
5.811623246492985,0,-1.7645472792880228,-1.3682605839060695,-2.3522934463628684,-0.38422772144927053,-1.825380555463947,-2.276620270800421,-1.3609134436661643
5.891783567134269,0,-1.714978915269496,-1.3766934312949373,-2.3551730370618946,-0.3982138255279799,-1.8333711010518974,-2.288032223802141,-1.3689387589366635
5.971943887775549,0,-1.6452931447507395,-1.385181220062634,-2.3578752021591383,-0.41248723796612974,-1.8296602996610627,-2.2934094342006848,-1.3561966049483887
6.052104208416832,0,-1.649924518637649,-1.3937230925787158,-2.3603871103229803,-0.4270590748344514,-1.8493438122932329,-2.3264294191938877,-1.3753248140061491
6.132264529058116,0,-1.6207377711113962,-1.4023182391980045,-2.3626951755839727,-0.4419413028120365,-1.893721797150106,-2.3767736353396725,-1.4165365841021775
6.212424849699399,0,-1.9711011051322915,-1.4109658982608693,-2.3647849847169096,-0.45714681180482897,-1.9734377073641822,-2.447756375906144,-1.477224154797574
6.292585170340679,0,-2.214501496189499,-1.4196653560685097,-2.366641215755064,-0.47268949638195557,-2.037735633497765,-2.5163092132297913,-1.5461197415917896
6.372745490981963,0,-2.275475524500377,-1.428415946835883,-2.368247546249525,-0.4885843474222411,-2.0901434152869514,-2.5921367391931347,-1.6014962471370897
6.452905811623246,0,-2.310614449514056,-1.4372170526248274,-2.3695865496165283,-0.5048475556331264,-2.1386385677403297,-2.636902882879709,-1.6617010347949646
6.533066132264526,0,-2.216615493614613,-1.4460681032598126,-2.370639577582671,-0.521496628936954,-2.1723737105530265,-2.652416881804688,-1.6951943905490718
6.61322645290581,0,-2.469989171295741,-1.454968576228672,-2.3713866263248593,-0.5385505261324847,-2.1930321680386395,-2.6808943107220653,-1.711208766684585
6.693386773547093,0,-2.4974238598767915,-1.4639179965705695,-2.371806183385986,-0.556029809755153,-2.2106758258108385,-2.7011684152113653,-1.7408209594718587
6.773547094188377,0,-2.3700015446508558,-1.4729159367533549,-2.3718750517985523,-0.5739568217081574,-2.2168115721992088,-2.705387506114862,-1.7234513999006495
6.853707414829657,0,-2.578343015769329,-1.4819620165423577,-2.3715681470264127,-0.5923558860583027,-2.212859062878261,-2.6942800770528246,-1.7328768842504827
6.93386773547094,0,-2.4686168731870137,-1.4910559028626076,-2.3708582612849165,-0.6112535444402988,-2.2014928063887904,-2.6915632055190564,-1.7220827703878214
7.014028056112224,0,-2.371864824845695,-1.5001973096563292,-2.3697157884471913,-0.6306788308654673,-2.1789578125720928,-2.657737790219389,-1.6935098193458422
7.094188376753507,0,-2.3412455342422964,-1.5093859977375168,-2.368108400986149,-0.6506635944888846,-2.147506920736206,-2.622630586825651,-1.6790844571267682
7.174348697394787,0,-2.1652651170438557,-1.51862177464528,-2.366000668093616,-0.6712428811969439,-2.1117283297868212,-2.5877228546648494,-1.6467454316418426
7.254509018036071,0,-2.2286856835259776,-1.527904494497569,-2.3633536010556866,-0.6924553879394516,-2.063961217138915,-2.532337241814264,-1.6008876403218473
7.334669338677354,0,-2.1819825574208824,-1.5372340578468118,-2.3601241078539283,-0.7143440078396954,-2.0500040325668754,-2.536860027086702,-1.59098108616219
7.414829659318634,0,-1.8869940473775415,-1.546610411538919,-2.356264333378692,-0.7369564896991461,-2.024494524498657,-2.4875039303007465,-1.5616802923857036
7.494989979959918,0,-1.8078697145551867,-1.5560335485770198,-2.35172085395224,-0.7603462432017998,-1.9862837155624051,-2.4582095151327246,-1.5268807317462199
7.5751503006012015,0,-1.75267199952209,-1.5655035079912336,-2.346433684115329,-0.7845733318671382,-1.9330433329265306,-2.381220865888374,-1.4812352406258484
7.655310621242485,0,-1.714319574593198,-1.575020374715714,-2.3403350383733947,-0.8097057110580334,-1.9120002511153391,-2.356410054108326,-1.4498637675090225
7.735470941883765,0,-1.7073034564763725,-1.5845842794741056,-2.333347768544013,-0.835820790404198,-1.919499985037341,-2.3664192582424053,-1.4584791367689698
7.815631262525049,0,-1.59812442213525,-1.5941953986745294,-2.3253833648362736,-0.8630074325127854,-1.9138531236797576,-2.355988058481064,-1.448274151709712
7.895791583166332,0,-1.5895696946853748,-1.603853954315123,-2.3163393598084125,-0.891368548821833,-1.8951956780143773,-2.329103751544098,-1.4496486216042268
7.975951903807616,0,-1.6129264582029008,-1.613560213901101,-2.3060958987163165,-0.9210245290858853,-1.8591919721876948,-2.2915035131586863,-1.4291830758420971
8.056112224448896,0,-1.3514086296784646,-1.6233144903742707,-2.29451111971085,-0.9521178610376911,-1.8104929076672105,-2.2481342072978356,-1.3741900037908954
8.13627254509018,0,-1.4858046594161896,-1.6331171420558612,-2.2814147906858206,-0.984819493425902,-1.789824853758722,-2.2294603619672437,-1.3546991051665491
8.216432865731463,0,-1.498429936069558,-1.6429685726034715,-2.2665993155816357,-1.0193378296253073,-1.751597360822489,-2.1948925747220964,-1.3237282903826166
8.296593186372743,0,-1.6770051621645268,-1.6528692309829285,-2.249806631339398,-1.055931830626459,-1.7395662426159042,-2.181061002604933,-1.308948167508806
8.376753507014026,0,-1.7588370556856097,-1.662819611455753,-2.2307084155556405,-1.0949308073558655,-1.7477383089262366,-2.151235992172852,-1.342787800338449
8.45691382765531,0,-1.7294458978097542,-1.6728202535829415,-2.2088748500591833,-1.1367656571066997,-1.7354362805414978,-2.126659286454859,-1.3492223721998418
8.537074148296593,0,-1.815151639330508,-1.68287174224568,-2.183722566957739,-1.182020917533621,-1.7450384981576095,-2.1422775492169923,-1.3532871095381467
8.617234468937873,0,-1.982649826545114,-1.6929747076836217,-2.1544216595979964,-1.231527755769247,-1.735728262397614,-2.1030266267437083,-1.3704574761568895
8.697394789579157,0,-1.9259671482925071,-1.7031298255512817,-2.119713502892592,-1.2865461482099716,-1.7053701632429388,-2.0355602105152286,-1.362525945745633
8.77755511022044,0,-1.728118936725128,-1.7133378169931008,-2.0775044478183435,-1.3491711861678581,-1.703990160910037,-2.015828366483913,-1.4000918904865838
8.857715430861724,0,-1.7926100872258857,-1.7235994487376833,-2.0237604893928505,-1.4234384080825162,-1.719960973410276,-1.9995857113196518,-1.4424943753201775
8.937875751503004,0,-1.8279868454510333,-1.7339155332116998,-1.948192215888248,-1.5196388505351515,-1.7208957936628702,-1.918184942326209,-1.5279140731299767
9.018036072144287,0,-1.7442872829055462,-1.7442869286739067,-1.7459317806677512,-1.742642076680062,-1.744287904160051,-1.7499483657666466,-1.7388712903514518
9.098196392785573,0,-1.511325141009734,-1.7485866239576164,-1.962864785475236,-1.534308462439997,-1.713353441140896,-1.9259237742921267,-1.4977052036325371
9.17835671342685,0,-1.4790476712998195,-1.752940709430924,-2.0531059294467724,-1.4527754894150757,-1.6622390646607141,-1.9400938931471312,-1.385432508518004
9.258517034068134,0,-1.244552894695044,-1.7573474051519038,-2.121521708773129,-1.3931731015306787,-1.6334539621444755,-1.9481790027986052,-1.31933528640873
9.338677354709418,0,-1.3881877984455968,-1.7618049752417617,-2.178400459130016,-1.3452094913535073,-1.6247719345974256,-1.9770247717113318,-1.284314714457139
9.4188376753507,0,-1.5604422117187662,-1.7663117268668684,-2.22777517185107,-1.3048482818826668,-1.597084040698716,-1.9682128371798628,-1.2371762361367946
9.49899799599198,0,-1.5793188253919306,-1.770866009241539,-2.2717385079419374,-1.2699935105411404,-1.5427710156930352,-1.9223860645381854,-1.176116787900435
9.579158316633263,0,-1.4423098454503664,-1.7754662126513452,-2.3115481162652656,-1.2393843090374248,-1.5071433976980413,-1.9144287264776971,-1.1238355693210562
9.659318637274549,0,-1.346941370431943,-1.7801107674967125,-2.348032932122006,-1.2121886028714188,-1.4863205695828057,-1.907372010739069,-1.079139920613692
9.739478957915832,0,-1.2429663572390082,-1.7847981433565443,-2.3817753527846866,-1.187820933928402,-1.5183902573014527,-1.937715180535049,-1.106610468931396
9.819639278557112,0,-1.2579041797308586,-1.789526848071615,-2.4132042237193545,-1.1658494724238757,-1.5236177295116082,-1.9273668528515795,-1.1046557099232428
9.899799599198396,0,-1.2730409290187323,-1.794295426847464,-2.442646890424637,-1.1459439632702912,-1.5081460907293163,-1.9224742870495366,-1.0827544370103401
9.97995991983968,0,-1.3443928817880813,-1.799102461376509,-2.4703604331476328,-1.1278444896053852,-1.5080202934197717,-1.9205799913668895,-1.0718145090236673
10.06012024048096,0,-1.4326218619296631,-1.8039465689790908,-2.496551457773119,-1.1113416801850624,-1.5246480308583439,-1.948427677091633,-1.0940966966316186
10.140280561122244,0,-1.3314082636096904,-1.8088264017631794,-2.521389197576863,-1.096263605949496,-1.5128560633991102,-1.9482594935621709,-1.0732331055920132
10.220440881763526,0,-1.369278538013268,-1.813740645802425,-2.545014505740558,-1.082466785864292,-1.5552847219091523,-1.9944892526212783,-1.1103711405761492
10.30060120240481,0,-1.5641264345305788,-1.81868802033227,-2.567546217401264,-1.0698298232632755,-1.5754564398292092,-2.020723159609583,-1.1390187477005702
10.38076152304609,0,-1.7085091383388622,-1.8236672769638265,-2.5890857684094177,-1.0582487855182352,-1.6172011968275786,-2.059125118573253,-1.1763133845476115
10.460921843687371,0,-1.687668344451275,-1.828677198915206,-2.6097206239798436,-1.0476337738505683,-1.6316331805901891,-2.075765312376728,-1.1892020990283665
10.541082164328657,0,-1.6699850522959336,-1.8337166002600078,-2.6295268737685547,-1.037906326751461,-1.6282429529271114,-2.067175072228891,-1.1872998135286752
10.62124248496994,0,-1.7946614512907475,-1.8387843251926572,-2.648571229856419,-1.0289974205288956,-1.6422633273285583,-2.086596589537563,-1.209067499969716
10.70140280561122,0,-1.7776829346491267,-1.8438792473102903,-2.6669125884890255,-1.0208459061315551,-1.6795361656318668,-2.1389600933768858,-1.2139043785469386
10.781563126252504,0,-1.684396020332182,-1.849000268910883,-2.6846032674392335,-1.0133972703825327,-1.7313841268614294,-2.1812776063881913,-1.2587476949081748
10.861723446893787,0,-1.653303975289996,-1.8541463203073136,-2.7016899983487797,-1.0066026422658478,-1.7671484390261103,-2.211354507428403,-1.316554366315285
10.941883767535067,0,-1.520979159783438,-1.859316359157065,-2.7182147313516563,-1.0004179869624736,-1.78295827345399,-2.241011978515613,-1.3277301258820169
11.02204408817635,0,-1.6370723167882375,-1.8645093698072617,-2.734215294024991,-0.9948034455895323,-1.8249584631743545,-2.268823292634333,-1.3813799531282733
11.102204408817634,0,-1.5958167492345907,-1.8697243626547304,-2.749725935969521,-0.9897227893399394,-1.850213043190457,-2.295842323666341,-1.385930819888135
11.182364729458918,0,-1.6436555911840989,-1.8749603735208118,-2.7647777826336,-0.9851429644080234,-1.9045933753174078,-2.3694418790871334,-1.4564181796967863
11.262525050100198,0,-1.4767146960976705,-1.8802164630405982,-2.779399216411523,-0.9810337096696735,-1.9435559685331862,-2.4071915658813086,-1.4836757657515973
11.34268537074148,0,-1.5388541500419866,-1.8854917160663252,-2.793616198937785,-0.9773672331948653,-2.012066567667351,-2.477027412579912,-1.5539790628616552
11.422845691382763,0,-1.671133852370425,-1.8907852410846204,-2.807452545436748,-0.9741179367324929,-2.06505794546832,-2.5332333350484686,-1.594224706159843
11.503006012024048,0,-1.695340875330423,-1.8960961696473162,-2.8209301596792273,-0.971262179615405,-2.106252303355076,-2.5938030235505014,-1.628493315851069
11.583166332665328,0,-1.750993266442049,-1.901423655815552,-2.8340692363394924,-0.9687780752916118,-2.136396190453692,-2.638859378764254,-1.6700519866808363
11.663326653306612,0,-1.7342868480387463,-1.9067668756168843,-2.8468884361938205,-0.9666453150399481,-2.15408398438104,-2.6370655395020703,-1.6470364293947184
11.743486973947896,0,-1.891452694963088,-1.9121250265151164,-2.859405038551961,-0.9648450144782718,-2.163959663766674,-2.6663242476344378,-1.663114051507264
11.823647294589176,0,-1.7844834653577375,-1.9174973268925875,-2.8716350744909764,-0.9633595792941984,-2.163471460214055,-2.662610453239299,-1.69074031762343
11.90380761523046,0,-1.7820450617805883,-1.9228830155446486,-2.8835934438122943,-0.9621725872770028,-2.154066221034189,-2.668063967402625,-1.6550132889642233
11.983967935871744,0,-1.8627962180660012,-1.9282813511860541,-2.89529401812705,-0.9612686842450585,-2.136263860398123,-2.6283139905270843,-1.6421459726219216
12.064128256513024,0,-1.8500545041724048,-1.933691611969016,-2.906749732061895,-0.960633491876137,-2.110025945197082,-2.6025680636437136,-1.595920102726218
12.144288577154306,0,-1.6511104692092504,-1.9391130950126496,-2.9179726642445583,-0.960253525780741,-2.071328609555015,-2.580449406370572,-1.5689441770164734
12.22444889779559,0,-1.839907709015231,-1.9445451159435796,-2.9289741094585384,-0.9601161224286208,-2.071756804847404,-2.5892040820687625,-1.5725501522737764
12.304609218436871,0,-1.864781903060384,-1.9499870084474322,-2.939764643136026,-0.9602093737588384,-2.103602293244673,-2.6004099387376534,-1.6164047011217826
12.384769539078157,0,-1.999564519552212,-1.9554381238309912,-2.9503541791775127,-0.9605220684844695,-2.1217048649494727,-2.606683045948702,-1.6426127237659072
12.46492985971944,0,-1.944130213497108,-1.9608978305947586,-2.960752021937477,-0.9610436392520401,-2.1318199497945747,-2.608272216086745,-1.6449745468405756
12.545090180360717,0,-2.012654763885965,-1.9663655140156966,-2.970966913092064,-0.961764114939329,-2.1300440052609586,-2.6127356520783165,-1.6236567420231323
12.625250501002,0,-2.058247062624009,-1.9718405757399151,-2.9810070740017736,-0.9626740774780569,-2.1194074810690267,-2.6169882938533204,-1.6124142103797143
12.705410821643284,0,-2.093691856049924,-1.9773224333850712,-2.990880244096103,-0.9637646226740393,-2.1407430964652594,-2.6429536233180095,-1.6168874010376932
12.785571142284567,0,-2.00664260361,-1.982810520152272,-3.0005937157348095,-0.965027324569735,-2.1521563073221395,-2.658836906709192,-1.6472547996780957
12.86573146292585,0,-2.086394402528856,-1.988304284447243,-3.0101543659393757,-0.9664542029551104,-2.1563413975358428,-2.661340152413536,-1.668053784568191
12.945891783567134,0,-2.1573731598587798,-1.9938031895105623,-3.019568685336653,-0.9680376936844717,-2.197452405342038,-2.6751950437403327,-1.6962995172378623
13.026052104208418,0,-2.089228769924476,-1.999306713056746,-3.0288428046126574,-0.9697706215008344,-2.2310182954808386,-2.729467383062329,-1.7263696587314774
13.1062124248497,0,-2.0540921569370587,-2.0048143469219695,-3.0379825187370137,-0.9716461751069254,-2.2542428193837756,-2.7663431673258883,-1.755282469072171
13.186372745490978,0,-2.002981449104273,-2.010325596720243,-3.0469933091864556,-0.97365788425403,-2.26564865062259,-2.7767953444913624,-1.7426353319546768
13.26653306613226,0,-1.972606199598825,-2.0158399815078227,-3.055880364368175,-0.9757995986474706,-2.2772150570736676,-2.785953744371474,-1.7740183188807226
13.346693386773545,0,-1.91793417134848,-2.0213570334556694,-3.0646485984200456,-0.9780654684912933,-2.2792350304851707,-2.8089850931027587,-1.7615501882683433
13.426853707414828,0,-2.0163873396593623,-2.0268762975297774,-3.0733026685442386,-0.9804499265153162,-2.3238694444621375,-2.85957722032536,-1.7905749985003736
13.507014028056112,0,-2.272403486611718,-2.0323973311791748,-3.08184699101287,-0.9829476713454794,-2.3642976807289733,-2.9033293540531857,-1.8333755223961392
13.587174348697395,0,-2.408015317460919,-2.0379197040314088,-3.090285755968856,-0.9855536520939612,-2.3950914458981707,-2.955119434254393,-1.8617958067916551
13.66733466933868,0,-2.434757474990608,-2.043442997595365,-3.0986229411316835,-0.9882630540590469,-2.4157273103982844,-2.951491910774328,-1.8908640621732178
13.747494989979955,0,-2.503564968229603,-2.0489668049712115,-3.1068623245059093,-0.9910712854365138,-2.4319120413580158,-2.9568447949282204,-1.8877629504996623
13.82765531062124,0,-2.516718194552047,-2.0544907305673226,-3.1150074961799623,-0.9939739649546826,-2.4401702161805106,-2.9691093553185923,-1.890450453394603
13.907815631262524,0,-2.4495240918726315,-2.060014389824011,-3.1230618692936494,-0.9969669103543726,-2.4435686518113773,-2.973201665862808,-1.9190104466694042
13.987975951903806,0,-2.4013161923362505,-2.0655374089438987,-3.1310286902448103,-1.0000461276429868,-2.447119903408434,-2.965646770246663,-1.9358507336441497
14.06813627254509,0,-2.259823738152277,-2.0710594246287757,-3.1389110481984956,-1.0032078010590557,-2.4388597474244738,-2.964207600211496,-1.942630239773985
14.148296593186371,0,-2.403936606298944,-2.076580083822787,-3.146711883955783,-1.0064482836897903,-2.4284103697476547,-2.939008976711847,-1.9261292174390385
14.228456913827657,0,-2.467089286512707,-2.082099043461797,-3.154433998233833,-1.0097640886897614,-2.411521628406059,-2.945538218100704,-1.917203079416864
14.308617234468931,0,-2.4953090991851785,-2.087615970228782,-3.162080059403833,-1.0131518810537314,-2.3871051954359275,-2.914670801661639,-1.9117639355958747
14.388777555110217,0,-2.554702006015199,-2.0931305403151215,-3.1696526107291696,-1.0166084699010736,-2.359293329464392,-2.8879136791758886,-1.8700687434330667
14.4689378757515,0,-2.4624426827414347,-2.098642439187602,-3.1771540771421476,-1.0201308012330566,-2.3717152011263734,-2.888620145589261,-1.8705901724550655
14.549098196392784,0,-2.5004581120388654,-2.104151361361064,-3.1845867715942466,-1.0237159511278817,-2.375747841624254,-2.8943901665731526,-1.8732787780954108
14.629258517034067,0,-2.4976902690290865,-2.109657010176488,-3.1919529010116268,-1.027361119341349,-2.3766507794706575,-2.913298596135741,-1.8780921399478416
14.70941883767535,0,-2.3040010494811485,-2.115159097584433,-3.1992545718849197,-1.031063623283947,-2.3719861267008393,-2.9071261222219875,-1.8751093337990075
14.789579158316634,0,-2.400888894890444,-2.120657343933689,-3.2064937955197577,-1.0348208923476208,-2.360318184546993,-2.8885251431110177,-1.889901900444438
14.869739478957918,0,-2.3319264317983475,-2.1261514777649984,-3.2136724929722558,-1.038630462557741,-2.3955776069744967,-2.921522079921808,-1.9125138226124676
14.949899799599194,0,-2.388782983561907,-2.131641235609754,-3.220792499691635,-1.042489971527873,-2.427487030917114,-2.964560484374547,-1.9274118695374247
15.030060120240478,0,-2.397126071369726,-2.1371263617935283,-3.227855569890308,-1.0463971536967487,-2.4489815470551357,-2.9742342462165645,-1.9408181771782058
15.11022044088176,0,-2.298996949884351,-2.142606608244329,-3.2348633806601175,-1.0503498358285404,-2.4687814893383617,-3.0036716575110067,-1.97675884616244
15.190380761523045,0,-2.320434404626992,-2.1480817343054692,-3.241817535851897,-1.0543459327590416,-2.4815724743098846,-3.016557301768877,-1.99139072859044
15.270541082164328,0,-2.3153165040593007,-2.1535515065529323,-3.248719569734155,-1.0583834433717096,-2.4913160389628937,-3.0174935412375286,-1.991044496035779
15.350701402805612,0,-2.454520124070699,-2.1590156986171247,-3.2555709504454566,-1.0624604467887928,-2.4916366846967093,-3.032616172872865,-1.9750414611669318
15.430861723446895,0,-2.6189452701030587,-2.164474091008916,-3.2623730832539475,-1.066575098763885,-2.488158531546061,-3.0281385410091755,-1.9747581412008528
15.511022044088172,0,-2.300034073917371,-2.169926470949864,-3.2691273136364405,-1.070725628263287,-2.4785061201612244,-3.018971852138304,-1.965642179106551
15.591182364729455,0,-2.3806392236980938,-2.1753726322065017,-3.2758349301885357,-1.0749103342244677,-2.4662412161072353,-3.006366602461156,-1.9625343633721721
15.67134268537074,0,-2.3350895459153165,-2.1808123749286286,-3.2824971673764303,-1.0791275824808266,-2.450727017010028,-2.99070955198254,-1.917818803626711
15.751503006012022,0,-2.286570114307061,-2.186245505491459,-3.289115208140238,-1.0833758028426799,-2.425636276921885,-2.9729203596962552,-1.9061571987460075
15.831663326653306,0,-2.048306900467048,-2.1916718363415866,-3.295690186357994,-1.0876534863251792,-2.3936787772065453,-2.9401987986633573,-1.848283513386749
15.91182364729459,0,-1.9377928754851128,-2.197091185846629,-3.3022231891787976,-1.0919591825144606,-2.3559835439115777,-2.895651564663425,-1.826717962481039
15.991983967935871,0,-2.0569661452719363,-2.202503378148486,-3.308715259232998,-1.0962914970639739,-2.3659263112770508,-2.9093996034059764,-1.8475750551091106
16.07214428857715,0,-2.10021421624786,-2.207908243020121,-3.315167396726756,-1.1006490893134862,-2.3721458135757856,-2.911637029545385,-1.8612258035772147
16.152304609218433,0,-1.9732254546022527,-2.213305615725785,-3.321580561427816,-1.1050306700237542,-2.3688171951159513,-2.9273649935360493,-1.8431915373034018
16.232464929859717,0,-2.085050276397168,-2.2186953368845703,-3.3279556745488286,-1.1094349992203123,-2.3570448592629822,-2.896035774189753,-1.8537067070506423
16.312625250501,0,-2.0414702592978697,-2.2240772523372705,-3.3342936205342117,-1.1138608841403292,-2.3391771124931053,-2.8651958158399315,-1.8384925193074928
16.392785571142284,0,-2.085365299018732,-2.2294512130164064,-3.3405952487560366,-1.118307177276776,-2.313013399761236,-2.844349817818455,-1.8039943391373747
16.472945891783567,0,-2.275789670601931,-2.234817074819373,-3.3468613751241403,-1.1227727745146054,-2.332518423609873,-2.8657385775977966,-1.8175838371881152
16.55310621242485,0,-2.2508215506824167,-2.2401746984846422,-3.35309278361532,-1.1272566133539645,-2.3434353862905954,-2.868175160218777,-1.840140996177344
16.633266533066134,0,-2.357219606936464,-2.245523949470915,-3.3592902277261,-1.1317576712157307,-2.349018608590517,-2.867375021772656,-1.8456718103928553
16.71342685370741,0,-2.2783462279403546,-2.250864697839172,-3.3654544318533324,-1.1362749638250118,-2.3452072740309067,-2.873107068830562,-1.8476531183676614
16.793587174348694,0,-2.409843159396693,-2.2561968181375613,-3.371586092606615,-1.1408075436685077,-2.339871918462114,-2.851548791358431,-1.8469304192741416
16.873747494989978,0,-2.390049808130206,-2.26152018928903,-3.3776858800562115,-1.1453544985218487,-2.323435320245879,-2.8413311511560515,-1.8266541643750844
16.95390781563126,0,-2.4172577160578483,-2.2668346944816524,-3.3837544389200036,-1.1499149500433012,-2.2983102884134943,-2.823854094701791,-1.8077787283074411
17.034068136272545,0,-2.2814142122717382,-2.272140221061584,-3.3897923896927358,-1.154488052430432,-2.2693552768487666,-2.797740494931189,-1.7725714001779995
17.11422845691383,0,-2.351744424795131,-2.277436660428582,-3.395800329720643,-1.1590729911365207,-2.2288247695310326,-2.7172295182786304,-1.7445626844381157
17.194388777555112,0,-2.4137469518337458,-2.2827239079340167,-3.4017788342243387,-1.163668981643695,-2.183527984604624,-2.680566350692768,-1.707993533416388
17.27454909819639,0,-2.243063396913729,-2.2880018627813343,-3.407728457272709,-1.1682752682899595,-2.124987898386852,-2.5995544532631567,-1.649335251686778
17.354709418837672,0,-2.209408254906794,-2.293270427928895,-3.4136497327103603,-1.1728911231474297,-2.0567961875226213,-2.5501271406309503,-1.5946084748670581
17.434869739478955,0,-2.1975590049133986,-2.2985295099951406,-3.4195431750410377,-1.1775158449492433,-1.9767743627374565,-2.476575224819878,-1.4950268961600268
17.51503006012024,0,-2.0872884433838443,-2.3037790191660226,-3.425409280269279,-1.182148758062766,-1.9263087837534012,-2.415873277033152,-1.4471104131104322
17.595190380761522,0,-1.870431639889417,-2.309018869104656,-3.431248526702465,-1.186789211506847,-1.9045974987824634,-2.399169871191942,-1.437010401237149
17.675350701402806,0,-1.928100012881668,-2.314248976863124,-3.4370613757152624,-1.1914365780109855,-1.9133558186679303,-2.3871164073878064,-1.440199675274595
17.75551102204409,0,-1.9892651900867275,-2.3194692627963978,-3.4428482724783844,-1.1960902531144113,-1.9040927844240891,-2.3916739657367803,-1.4455833263025506
17.835671342685366,0,-1.8956561475808384,-2.324679650478313,-3.4486096466534564,-1.2007496543031702,-1.926777046495459,-2.411703934265457,-1.4614177117546365
17.91583166332665,0,-1.8765300080834533,-2.329880066619556,-3.454345913055689,-1.2054142201834226,-1.933258178740316,-2.4228344026670325,-1.4670341481882043
17.995991983967933,0,-1.8144145055986456,-2.3350704409876073,-3.460057472285964,-1.2100834096892505,-1.9258996090008846,-2.425732598925024,-1.4445897239265817
18.076152304609217,0,-1.6413021754828474,-2.340250706328606,-3.4657447113338486,-1.2147567013233636,-1.9020859615118568,-2.4033040113168402,-1.4220619828287973
18.1563126252505,0,-1.707196125088859,-2.345420798291073,-3.4714080041529707,-1.2194335924291757,-1.9090366953943512,-2.3941988144202773,-1.4359794350118351
18.236472945891784,0,-1.7527619047600391,-2.350580655351466,-3.47704771221012,-1.2241135984928118,-1.943220312043186,-2.4365291669219826,-1.47963524892383
18.316633266533067,0,-1.826267386549222,-2.355730218741514,-3.482664185009354,-1.2287962524736744,-1.9668375110585667,-2.4425326145185373,-1.5183235911098285
18.39679358717435,0,-1.8318689480149768,-2.3608694323772776,-3.48825776059231,-1.2334811041622455,-1.9723570625009335,-2.465045952259632,-1.5135275520278688
18.476953907815627,0,-1.8903105629142345,-2.365998242789919,-3.4938287660159055,-1.238167719563933,-1.9707635900880223,-2.4675254601636967,-1.5042222340540146
18.55711422845691,0,-1.9425388521783191,-2.371116599058122,-3.4993775178084934,-1.2428556803077506,-1.999830196041716,-2.4815442691615774,-1.5364966361568888
18.6372745490982,0,-1.886642907277183,-2.3762244527421217,-3.5049043224055083,-1.2475445830787353,-2.0067588374318555,-2.505250433891077,-1.5443554448456813
18.71743486973948,0,-1.773374759839339,-2.3813217578193178,-3.5104094765655898,-1.2522340390730458,-2.0514762682141146,-2.535082673322423,-1.5848194875814756
18.79759519038076,0,-1.7264844705837554,-2.3864084706214275,-3.515893267768118,-1.2569236734747369,-2.0839472587512873,-2.5812644719457962,-1.6079824320650176
18.877755511022045,0,-1.84925255820868,-2.3914845497731383,-3.5213559745930256,-1.2616131249532507,-2.103403163385794,-2.5959096956288734,-1.6327973764223527
18.95791583166333,0,-1.9148927036711456,-2.396549956132227,-3.5267978670837365,-1.2663020451807172,-2.1564655033901854,-2.667488524487067,-1.6861241087172343
19.038076152304605,0,-1.9069568854125376,-2.4016046527311112,-3.5322192070940193,-1.2709900983682032,-2.203478599687819,-2.710316314955964,-1.722639742940687
19.11823647294589,0,-1.9019972070583635,-2.4066486047198046,-3.537620248619517,-1.2756769608200922,-2.242596549561508,-2.7558572530124943,-1.7375109683250405
19.19839679358717,0,-1.94716759245452,-2.411681779310223,-3.5430012381146536,-1.280362320505793,-2.2691327776832506,-2.761860557919796,-1.7638968486084972
19.27855711422845,0,-1.8717311457876085,-2.4167041457218366,-3.5483624147956156,-1.2850458766480573,-2.2894317117001584,-2.799303580046112,-1.7798633312134422
19.35871743486974,0,-1.9608503095473864,-2.4217156751286177,-3.5537040109300513,-1.289727339327184,-2.3013296353004944,-2.821109032930831,-1.7722271254640056
19.438877755511022,0,-2.0224139471095253,-2.4267163406072503,-3.559026252114079,-1.2944064291004211,-2.3072129026805315,-2.834208827725888,-1.8039698372146467
19.519038076152302,0,-2.1935697521675674,-2.431706117086593,-3.564329357537233,-1.299082876635953,-2.356355066923137,-2.902595749975582,-1.8454573463687687
19.599198396793582,0,-2.372510032750356,-2.4366849812983427,-3.5696135402358573,-1.303756422360828,-2.3983981466867923,-2.9566727261099786,-1.8749204325860747
19.679358717434862,0,-2.484711065949562,-2.4416529117288794,-3.5748790073355066,-1.3084268161222525,-2.433821711356487,-3.004424849537303,-1.8919128989474532
19.75951903807615,0,-2.509141710019075,-2.446609888572265,-3.5801259602828375,-1.3130938168616928,-2.460596272011032,-3.033599038427465,-1.9237036756165107
19.83967935871744,0,-2.641846501290776,-2.4515558936843735,-3.585354595067489,-1.3177571923012577,-2.4814659657981704,-3.0709141175594237,-1.9172460058022647
19.91983967935872,0,-2.668116829515155,-2.456490910538112,-3.590565102434386,-1.3224167186418379,-2.4972137110623946,-3.0973376079875363,-1.9317802911855728
20.0,0,-2.4018262687356398,-2.4614149241797207,-3.595757668086911,-1.3270721802725303,-2.503077566175387,-3.1297921321564117,-1.8961211608814936
