x,y,vs30,const_year,num_story,pga,mu_logPGA,tau_logPGA,phi_logPGA,DS
-20.0,0,450,1900,3,0.06496939412765824,-2.231378409305505,0.3581,0.6375,0
-19.919839679358716,0,450,1900,3,0.05374765108807203,-2.2262855661695378,0.3581,0.6375,0
-19.839679358717436,0,450,1900,3,0.05282165824153588,-2.2211780883720884,0.3581,0.6375,0
-19.759519038076153,0,450,1900,3,0.049703276380701454,-2.216055912756013,0.3581,0.6375,0
-19.67935871743487,0,450,1900,3,0.04684530335567222,-2.210918976057368,0.3581,0.6375,0
-19.599198396793586,0,450,1900,3,0.054859299457130445,-2.2057672149129752,0.3581,0.6375,0
-19.519038076152306,0,450,1900,3,0.04515639817202516,-2.2006005658682772,0.3581,0.6375,0
-19.438877755511022,0,450,1900,3,0.05473375973838305,-2.195418965385505,0.3581,0.6375,0
-19.35871743486974,0,450,1900,3,0.053401053856444586,-2.190222349852153,0.3581,0.6375,0
-19.278557114228455,0,450,1900,3,0.052919235187646595,-2.1850106555897852,0.3581,0.6375,0
-19.198396793587175,0,450,1900,3,0.04919822895203459,-2.1797838188631746,0.3581,0.6375,0
-19.118236472945892,0,450,1900,3,0.05960814625530016,-2.17454177588978,0.3581,0.6375,0
-19.03807615230461,0,450,1900,3,0.058680107875760175,-2.169284462849595,0.3581,0.6375,0
-18.95791583166333,0,450,1900,3,0.07209453878198148,-2.1640118158953436,0.3581,0.6375,0
-18.877755511022045,0,450,1900,3,0.0862262697619098,-2.1587237711630776,0.3581,0.6375,0
-18.79759519038076,0,450,1900,3,0.10646829130260899,-2.1534202647831426,0.3581,0.6375,0
-18.717434869739478,0,450,1900,3,0.10700472780169688,-2.148101232891562,0.3581,0.6375,0
-18.637274549098198,0,450,1900,3,0.08324050820819894,-2.142766611641831,0.3581,0.6375,0
-18.557114228456914,0,450,1900,3,0.06743810245456021,-2.1374163372171386,0.3581,0.6375,0
-18.47695390781563,0,450,1900,3,0.07275980979237075,-2.1320503458430333,0.3581,0.6375,0
-18.39679358717435,0,450,1900,3,0.06243384959963835,-2.1266685738005395,0.3581,0.6375,0
-18.316633266533067,0,450,1900,3,0.053962083916934286,-2.121270957439751,0.3581,0.6375,0
-18.236472945891784,0,450,1900,3,0.05149189357092792,-2.115857433193902,0.3581,0.6375,1
-18.1563126252505,0,450,1900,3,0.03917284415122752,-2.1104279375939456,0.3581,0.6375,0
-18.07615230460922,0,450,1900,3,0.04294543797795924,-2.1049824072836314,0.3581,0.6375,0
-17.995991983967937,0,450,1900,3,0.054663791481988924,-2.099520779035137,0.3581,0.6375,0
-17.915831663326653,0,450,1900,3,0.05371274668459454,-2.094042989765225,0.3581,0.6375,0
-17.83567134268537,0,450,1900,3,0.05173139101594653,-2.08854897655198,0.3581,0.6375,0
-17.75551102204409,0,450,1900,3,0.05433156386799087,-2.083038676652116,0.3581,0.6375,0
-17.675350701402806,0,450,1900,3,0.05062384358349247,-2.07751202751889,0.3581,0.6375,0
-17.595190380761522,0,450,1900,3,0.04923266474674066,-2.071968966820637,0.3581,0.6375,0
-17.51503006012024,0,450,1900,3,0.06204461545251237,-2.0664094324599334,0.3581,0.6375,0
-17.43486973947896,0,450,1900,3,0.054316371531686496,-2.060833362593425,0.3581,0.6375,0
-17.354709418837675,0,450,1900,3,0.05929821654972879,-2.05524069565233,0.3581,0.6375,2
-17.274549098196392,0,450,1900,3,0.06975653375243675,-2.0496313703636404,0.3581,0.6375,0
-17.194388777555112,0,450,1900,3,0.0667544354929728,-2.0440053257720434,0.3581,0.6375,0
-17.11422845691383,0,450,1900,3,0.06877101141471265,-2.038362501262587,0.3581,0.6375,0
-17.034068136272545,0,450,1900,3,0.10298508040811184,-2.032702836584108,0.3581,0.6375,0
-16.95390781563126,0,450,1900,3,0.11562766480538923,-2.027026271873454,0.3581,0.6375,0
-16.87374749498998,0,450,1900,3,0.11390416437118622,-2.0213327476805083,0.3581,0.6375,0
-16.793587174348698,0,450,1900,3,0.11820633647037981,-2.0156222049940613,0.3581,0.6375,0
-16.713426853707414,0,450,1900,3,0.11447303059532664,-2.009894585268548,0.3581,0.6375,0
-16.633266533066134,0,450,1900,3,0.11178998850484205,-2.004149830451667,0.3581,0.6375,0
-16.55310621242485,0,450,1900,3,0.10097794998476634,-1.9983878830129183,0.3581,0.6375,0
-16.472945891783567,0,450,1900,3,0.11269953857047887,-1.9926086859731007,0.3581,0.6375,1
-16.392785571142284,0,450,1900,3,0.12220357501051649,-1.9868121829347603,0.3581,0.6375,1
-16.312625250501004,0,450,1900,3,0.11426911383565246,-1.9809983181136652,0.3581,0.6375,0
-16.23246492985972,0,450,1900,3,0.10379226050882,-1.975167036371307,0.3581,0.6375,1
-16.152304609218437,0,450,1900,3,0.0979072498325723,-1.9693182832484637,0.3581,0.6375,0
-16.072144288577153,0,450,1900,3,0.09678419738828327,-1.9634520049998707,0.3581,0.6375,0
-15.991983967935873,0,450,1900,3,0.08959950930926175,-1.957568148630023,0.3581,0.6375,0
-15.91182364729459,0,450,1900,3,0.08011533362195974,-1.9516666619301413,0.3581,0.6375,0
-15.831663326653306,0,450,1900,3,0.10037464204062375,-1.9457474935163455,0.3581,0.6375,0
-15.751503006012024,0,450,1900,3,0.09831964503094458,-1.9398105928690637,0.3581,0.6375,0
-15.671342685370742,0,450,1900,3,0.10023892239191197,-1.9338559103737216,0.3581,0.6375,0
-15.591182364729459,0,450,1900,3,0.08499936067308424,-1.9278833973627507,0.3581,0.6375,0
-15.511022044088175,0,450,1900,3,0.07612330363232578,-1.9218930061589425,0.3581,0.6375,0
-15.430861723446894,0,450,1900,3,0.07571302447515403,-1.9158846901202105,0.3581,0.6375,0
-15.350701402805612,0,450,1900,3,0.0717262742110287,-1.9098584036857862,0.3581,0.6375,0
-15.270541082164328,0,450,1900,3,0.08304080754844376,-1.9038141024238953,0.3581,0.6375,0
-15.190380761523047,0,450,1900,3,0.08261470105327932,-1.89775174308097,0.3581,0.6375,0
-15.110220440881765,0,450,1900,3,0.06895535981848253,-1.8916712836324217,0.3581,0.6375,0
-15.030060120240481,0,450,1900,3,0.07366392382046753,-1.8855726833350448,0.3581,0.6375,0
-14.949899799599198,0,450,1900,3,0.08647123203413717,-1.8794559027810855,0.3581,0.6375,0
-14.869739478957916,0,450,1900,3,0.07121225076015814,-1.8733209039540286,0.3581,0.6375,0
-14.789579158316634,0,450,1900,3,0.05424863873019781,-1.8671676502861565,0.3581,0.6375,0
-14.70941883767535,0,450,1900,3,0.05691438126220411,-1.8609961067179284,0.3581,0.6375,0
-14.629258517034067,0,450,1900,3,0.05416975090246668,-1.8548062397592406,0.3581,0.6375,0
-14.549098196392785,0,450,1900,3,0.06441461431701763,-1.8485980175526173,0.3581,0.6375,0
-14.468937875751504,0,450,1900,3,0.07207089411273059,-1.842371409938393,0.3581,0.6375,0
-14.38877755511022,0,450,1900,3,0.06869398157453499,-1.8361263885219397,0.3581,0.6375,0
-14.308617234468938,0,450,1900,3,0.06463940475697197,-1.8298629267430124,0.3581,0.6375,0
-14.228456913827657,0,450,1900,3,0.0678710437590524,-1.8235809999472594,0.3581,0.6375,0
-14.148296593186373,0,450,1900,3,0.08757763464782203,-1.8172805854599643,0.3581,0.6375,1
-14.06813627254509,0,450,1900,3,0.11389740585832688,-1.8109616626621041,0.3581,0.6375,0
-13.987975951903808,0,450,1900,3,0.14391385772873874,-1.8046242130687562,0.3581,0.6375,0
-13.907815631262526,0,450,1900,3,0.11332791250161511,-1.7982682204099552,0.3581,0.6375,1
-13.827655310621243,0,450,1900,3,0.10863462008275476,-1.7918936707140518,0.3581,0.6375,1
-13.747494989979959,0,450,1900,3,0.09575751442601987,-1.785500552393654,0.3581,0.6375,1
-13.667334669338677,0,450,1900,3,0.08303703185189976,-1.7790888563342169,0.3581,0.6375,0
-13.587174348697395,0,450,1900,3,0.10011218927427405,-1.772658575985374,0.3581,0.6375,0
-13.507014028056112,0,450,1900,3,0.1138843191847269,-1.7662097074550651,0.3581,0.6375,0
-13.42685370741483,0,450,1900,3,0.10085218024112534,-1.7597422496065553,0.3581,0.6375,0
-13.346693386773548,0,450,1900,3,0.0899425307902101,-1.7532562041584354,0.3581,0.6375,0
-13.266533066132265,0,450,1900,3,0.09580780524484356,-1.7467515757876544,0.3581,0.6375,0
-13.186372745490981,0,450,1900,3,0.10928681971505598,-1.740228372235719,0.3581,0.6375,0
-13.1062124248497,0,450,1900,3,0.1275432759464814,-1.7336866044180943,0.3581,0.6375,0
-13.026052104208418,0,450,1900,3,0.13572594447376848,-1.7271262865369446,0.3581,0.6375,0
-12.945891783567134,0,450,1900,3,0.13409771677032128,-1.7205474361972657,0.3581,0.6375,1
-12.86573146292585,0,450,1900,3,0.21335684233406452,-1.7139500745265364,0.3581,0.6375,0
-12.785571142284569,0,450,1900,3,0.17678758561248134,-1.7073342262979545,0.3581,0.6375,1
-12.705410821643287,0,450,1900,3,0.1467059002659826,-1.700699920057382,0.3581,0.6375,0
-12.625250501002004,0,450,1900,3,0.15430456942556328,-1.6940471882540775,0.3581,0.6375,0
-12.545090180360722,0,450,1900,3,0.1299398057760903,-1.6873760673753375,0.3581,0.6375,0
-12.46492985971944,0,450,1900,3,0.15572113563390574,-1.6806865980851313,0.3581,0.6375,0
-12.384769539078157,0,450,1900,3,0.1536242929598172,-1.6739788253668504,0.3581,0.6375,0
-12.304609218436873,0,450,1900,3,0.15439897254906332,-1.6672527986702737,0.3581,0.6375,0
-12.224448897795591,0,450,1900,3,0.17103653338734048,-1.660508572062856,0.3581,0.6375,0
-12.14428857715431,0,450,1900,3,0.14513256606511635,-1.6537462043854587,0.3581,0.6375,1
-12.064128256513026,0,450,1900,3,0.13878742754457796,-1.6469657594126301,0.3581,0.6375,1
-11.983967935871744,0,450,1900,3,0.17921843968967904,-1.640167306017551,0.3581,0.6375,1
-11.90380761523046,0,450,1900,3,0.222265898750177,-1.6333509183417652,0.3581,0.6375,1
-11.823647294589179,0,450,1900,3,0.24325057793290134,-1.6265166759698144,0.3581,0.6375,1
-11.743486973947896,0,450,1900,3,0.24777099623232157,-1.6196646641088888,0.3581,0.6375,0
-11.663326653306614,0,450,1900,3,0.26526808626817894,-1.6127949737736298,0.3581,0.6375,0
-11.58316633266533,0,450,1900,3,0.24200505931440328,-1.6059077019761903,0.3581,0.6375,0
-11.503006012024048,0,450,1900,3,0.2857652954656557,-1.599002951921694,0.3581,0.6375,3
-11.422845691382767,0,450,1900,3,0.2926807950003704,-1.5920808332092025,0.3581,0.6375,2
-11.342685370741483,0,450,1900,3,0.2956909774464222,-1.5851414620383313,0.3581,0.6375,0
-11.262525050100201,0,450,1900,3,0.28025194468064446,-1.5781849614216257,0.3581,0.6375,1
-11.182364729458918,0,450,1900,3,0.2953802420294867,-1.5712114614028423,0.3581,0.6375,0
-11.102204408817636,0,450,1900,3,0.25267617474494153,-1.564221099281245,0.3581,0.6375,1
-11.022044088176353,0,450,1900,3,0.2609585518840357,-1.5572140198420577,0.3581,0.6375,0
-10.94188376753507,0,450,1900,3,0.23359804943238335,-1.55019037559319,0.3581,0.6375,1
-10.861723446893787,0,450,1900,3,0.2088280479842689,-1.5431503270083782,0.3581,0.6375,1
-10.781563126252506,0,450,1900,3,0.2410036933893282,-1.5360940427768477,0.3581,0.6375,0
-10.701402805611222,0,450,1900,3,0.1753837811917548,-1.5290217000596422,0.3581,0.6375,1
-10.62124248496994,0,450,1900,3,0.21087950627744365,-1.521933484752732,0.3581,0.6375,1
-10.541082164328659,0,450,1900,3,0.20196051448557445,-1.5148295917570238,0.3581,0.6375,0
-10.460921843687375,0,450,1900,3,0.19219245137765623,-1.5077102252554033,0.3581,0.6375,1
-10.380761523046093,0,450,1900,3,0.15659674500596277,-1.5005755989969145,0.3581,0.6375,1
-10.30060120240481,0,450,1900,3,0.16020140555712517,-1.4934259365881983,0.3581,0.6375,1
-10.220440881763528,0,450,1900,3,0.17678855545154828,-1.486261471792303,0.3581,0.6375,0
-10.140280561122244,0,450,1900,3,0.16769792494564525,-1.4790824488349668,0.3581,0.6375,0
-10.060120240480963,0,450,1900,3,0.16763628176710874,-1.4718891227184805,0.3581,0.6375,1
-9.97995991983968,0,450,1900,3,0.1381681964432937,-1.4646817595432269,0.3581,0.6375,1
-9.899799599198397,0,450,1900,3,0.14076282687696365,-1.4574606368369862,0.3581,0.6375,0
-9.819639278557114,0,450,1900,3,0.13574273668144105,-1.4502260438920942,0.3581,0.6375,1
-9.739478957915832,0,450,1900,3,0.15044226503162747,-1.4429782821105233,0.3581,0.6375,0
-9.65931863727455,0,450,1900,3,0.15264530227762374,-1.4357176653569672,0.3581,0.6375,0
-9.579158316633267,0,450,1900,3,0.1730572307872893,-1.4284445203199794,0.3581,0.6375,0
-9.498997995991985,0,450,1900,3,0.16002935661301418,-1.4211591868812143,0.3581,0.6375,1
-9.418837675350701,0,450,1900,3,0.12976438132375792,-1.4138620184928161,0.3581,0.6375,1
-9.33867735470942,0,450,1900,3,0.1392981320746134,-1.4065533825629792,0.3581,0.6375,0
-9.258517034068136,0,450,1900,3,0.15418050494918498,-1.399233660849682,0.3581,0.6375,0
-9.178356713426854,0,450,1900,3,0.15973870351073255,-1.3919032498626154,0.3581,0.6375,0
-9.098196392785571,0,450,1900,3,0.12792258577781723,-1.3845625612732642,0.3581,0.6375,0
-9.01803607214429,0,450,1900,3,0.13498133262441608,-1.3772120223331206,0.3581,0.6375,0
-8.937875751503006,0,450,1900,3,0.14185188617369746,-1.3698520762999797,0.3581,0.6375,1
-8.857715430861724,0,450,1900,3,0.11773770299768015,-1.3624831828722301,0.3581,0.6375,0
-8.777555110220442,0,450,1900,3,0.13946567498698917,-1.3551058186310585,0.3581,0.6375,1
-8.697394789579159,0,450,1900,3,0.1415179733943478,-1.3477204774904465,0.3581,0.6375,0
-8.617234468937877,0,450,1900,3,0.17344946061018932,-1.340327671154815,0.3581,0.6375,0
-8.537074148296593,0,450,1900,3,0.17505536619955078,-1.3329279295841534,0.3581,0.6375,0
-8.456913827655312,0,450,1900,3,0.15086472685099014,-1.325521801466426,0.3581,0.6375,0
-8.376753507014028,0,450,1900,3,0.16231447671830634,-1.3181098546970407,0.3581,0.6375,1
-8.296593186372746,0,450,1900,3,0.15300036732858,-1.3106926768651077,0.3581,0.6375,1
-8.216432865731463,0,450,1900,3,0.15144940659330663,-1.3032708757462041,0.3581,0.6375,0
-8.136272545090181,0,450,1900,3,0.16269174023791955,-1.2958450798013041,0.3581,0.6375,1
-8.056112224448897,0,450,1900,3,0.1963346098162159,-1.2884159386815033,0.3581,0.6375,0
-7.975951903807616,0,450,1900,3,0.15317064098521688,-1.2809841237381348,0.3581,0.6375,0
-7.895791583166334,0,450,1900,3,0.14027749288589364,-1.27355032853781,0.3581,0.6375,0
-7.81563126252505,0,450,1900,3,0.13442673371857705,-1.2661152693818833,0.3581,0.6375,1
-7.735470941883769,0,450,1900,3,0.12367924958089063,-1.2586796858297904,0.3581,0.6375,0
-7.655310621242485,0,450,1900,3,0.13307905713411214,-1.251244341225653,0.3581,0.6375,0
-7.575150300601203,0,450,1900,3,0.11580520706907245,-1.2438100232274982,0.3581,0.6375,0
-7.49498997995992,0,450,1900,3,0.10291632655900859,-1.2363775443383578,0.3581,0.6375,1
-7.414829659318638,0,450,1900,3,0.09160408709841769,-1.228947742438499,0.3581,0.6375,0
-7.3346693386773545,0,450,1900,3,0.08462850703756003,-1.2215214813179178,0.3581,0.6375,0
-7.254509018036073,0,450,1900,3,0.08143151629302653,-1.2140996512082054,0.3581,0.6375,0
-7.174348697394791,0,450,1900,3,0.07856077812448857,-1.2066831693128084,0.3581,0.6375,0
-7.094188376753507,0,450,1900,3,0.05982321654880716,-1.199272980334639,0.3581,0.6375,0
-7.014028056112226,0,450,1900,3,0.05009705689012175,-1.1918700569999017,0.3581,0.6375,0
-6.933867735470942,0,450,1900,3,0.04927546130175336,-1.1844754005769491,0.3581,0.6375,0
-6.85370741482966,0,450,1900,3,0.06624472598602757,-1.177090041388885,0.3581,0.6375,0
-6.773547094188377,0,450,1900,3,0.059528686373054335,-1.169715039318533,0.3581,0.6375,0
-6.693386773547095,0,450,1900,3,0.06178960265244681,-1.1623514843043523,0.3581,0.6375,0
-6.613226452905812,0,450,1900,3,0.07005397742602693,-1.1550004968257286,0.3581,0.6375,0
-6.53306613226453,0,450,1900,3,0.06693215497727548,-1.147663228376037,0.3581,0.6375,0
-6.452905811623246,0,450,1900,3,0.07625806029867352,-1.1403408619217361,0.3581,0.6375,0
-6.3727454909819645,0,450,1900,3,0.07106409209948664,-1.133034612345685,0.3581,0.6375,1
-6.292585170340683,0,450,1900,3,0.07347575505196527,-1.1257457268727633,0.3581,0.6375,0
-6.212424849699399,0,450,1900,3,0.0786064443152632,-1.1184754854757908,0.3581,0.6375,0
-6.1322645290581175,0,450,1900,3,0.07388524931933871,-1.1112252012596218,0.3581,0.6375,0
-6.052104208416834,0,450,1900,3,0.06537886467830645,-1.1039962208212069,0.3581,0.6375,0
-5.971943887775552,0,450,1900,3,0.07694984935782097,-1.0967899245833181,0.3581,0.6375,0
-5.891783567134269,0,450,1900,3,0.07699251665065535,-1.0896077270995128,0.3581,0.6375,0
-5.811623246492987,0,450,1900,3,0.08388787583495169,-1.0824510773278333,0.3581,0.6375,0
-5.731462925851703,0,450,1900,3,0.09468624507478264,-1.0753214588706295,0.3581,0.6375,0
-5.651302605210422,0,450,1900,3,0.09068350110164249,-1.0682203901778005,0.3581,0.6375,0
-5.571142284569138,0,450,1900,3,0.07155890813788209,-1.0611494247106628,0.3581,0.6375,0
-5.490981963927856,0,450,1900,3,0.08031446474119179,-1.0541101510635407,0.3581,0.6375,0
-5.410821643286575,0,450,1900,3,0.08484249177191674,-1.047104193040129,0.3581,0.6375,0
-5.330661322645291,0,450,1900,3,0.07212330436360392,-1.0401332096815585,0.3581,0.6375,0
-5.250501002004009,0,450,1900,3,0.06978029839811403,-1.033198895243043,0.3581,0.6375,0
-5.170340681362726,0,450,1900,3,0.0877432011421776,-1.0263029791159135,0.3581,0.6375,0
-5.090180360721444,0,450,1900,3,0.0855546209961483,-1.0194472256917846,0.3581,0.6375,0
-5.01002004008016,0,450,1900,3,0.07435233588348313,-1.0126334341655603,0.3581,0.6375,0
-4.929859719438879,0,450,1900,3,0.07671448977985765,-1.0058634382739264,0.3581,0.6375,0
-4.849699398797595,0,450,1900,3,0.07731991264743887,-0.9991391059659681,0.3581,0.6375,0
-4.769539078156313,0,450,1900,3,0.07439889531210453,-0.9924623390025371,0.3581,0.6375,0
-4.68937875751503,0,450,1900,3,0.08297394544332069,-0.98583507248097,0.3581,0.6375,0
-4.609218436873748,0,450,1900,3,0.09680242813887938,-0.9792592742818128,0.3581,0.6375,0
-4.529058116232466,0,450,1900,3,0.08915372819064493,-0.9727369444342057,0.3581,0.6375,0
-4.448897795591183,0,450,1900,3,0.10060779530074893,-0.9662701143966457,0.3581,0.6375,0
-4.368737474949901,0,450,1900,3,0.13420558978816402,-0.9598608462499316,0.3581,0.6375,1
-4.2885771543086175,0,450,1900,3,0.11186896024918892,-0.9535112317991529,0.3581,0.6375,1
-4.208416833667336,0,450,1900,3,0.12914077890259837,-0.9472233915817329,0.3581,0.6375,0
-4.128256513026052,0,450,1900,3,0.11514442723726155,-0.9409994737786588,0.3581,0.6375,0
-4.0480961923847705,0,450,1900,3,0.09835361093905075,-0.9348416530261907,0.3581,0.6375,0
-3.9679358717434887,0,450,1900,3,0.08288088013988877,-0.9287521291255413,0.3581,0.6375,0
-3.887775551102205,0,450,1900,3,0.08189821739921493,-0.9227331256482328,0.3581,0.6375,0
-3.8076152304609217,0,450,1900,3,0.07941062703054198,-0.9167868884350693,0.3581,0.6375,1
-3.7274549098196417,0,450,1900,3,0.08486086780751266,-0.9109156839869544,0.3581,0.6375,0
-3.647294589178358,0,450,1900,3,0.08795825109338828,-0.905121797746075,0.3581,0.6375,0
-3.5671342685370746,0,450,1900,3,0.10965335401157525,-0.8994075322663142,0.3581,0.6375,0
-3.486973947895791,0,450,1900,3,0.1283539560988329,-0.8937752052720946,0.3581,0.6375,0
-3.406813627254511,0,450,1900,3,0.16134605676907568,-0.8882271476052908,0.3581,0.6375,1
-3.3266533066132276,0,450,1900,3,0.1686996621681276,-0.8827657010602235,0.3581,0.6375,0
-3.246492985971944,0,450,1900,3,0.13852518135471326,-0.8773932161072331,0.3581,0.6375,1
-3.1663326653306605,0,450,1900,3,0.13955702531455752,-0.8721120495057988,0.3581,0.6375,0
-3.0861723446893805,0,450,1900,3,0.1590290936437013,-0.8669245618086732,0.3581,0.6375,0
-3.006012024048097,0,450,1900,3,0.17790174503552234,-0.8618331147590467,0.3581,0.6375,1
-2.9258517034068134,0,450,1900,3,0.21220848912287057,-0.8568400685832944,0.3581,0.6375,1
-2.8456913827655335,0,450,1900,3,0.2713503515055644,-0.8519477791824647,0.3581,0.6375,1
-2.76553106212425,0,450,1900,3,0.25935343169819364,-0.8471585952262268,0.3581,0.6375,1
-2.6853707414829664,0,450,1900,3,0.21239666791732012,-0.8424748551536502,0.3581,0.6375,1
-2.605210420841683,0,450,1900,3,0.2109290317707148,-0.8378988840857764,0.3581,0.6375,1
-2.525050100200403,0,450,1900,3,0.19566802063602273,-0.8334329906556012,0.3581,0.6375,1
-2.4448897795591193,0,450,1900,3,0.2200975564676509,-0.829079463761712,0.3581,0.6375,1
-2.364729458917836,0,450,1900,3,0.20326804368485438,-0.8248405692524774,0.3581,0.6375,0
-2.2845691382765523,0,450,1900,3,0.19757513997499548,-0.820718546548285,0.3581,0.6375,0
-2.2044088176352723,0,450,1900,3,0.20336829679991394,-0.8167156052099984,0.3581,0.6375,1
-2.1242484969939888,0,450,1900,3,0.18801980953810027,-0.8128339214623631,0.3581,0.6375,1
-2.0440881763527052,0,450,1900,3,0.18950316591689087,-0.8090756346817105,0.3581,0.6375,0
-1.9639278557114253,0,450,1900,3,0.16867131924698503,-0.8054428438578554,0.3581,0.6375,0
-1.8837675350701417,0,450,1900,3,0.17645596531941982,-0.8019376040406051,0.3581,0.6375,0
-1.8036072144288582,0,450,1900,3,0.14597788374011178,-0.7985619227818161,0.3581,0.6375,0
-1.7234468937875747,0,450,1900,3,0.16440528905180696,-0.7953177565843419,0.3581,0.6375,0
-1.6432865731462947,0,450,1900,3,0.15234341727192813,-0.7922070073696372,0.3581,0.6375,0
-1.5631262525050111,0,450,1900,3,0.1768113535992732,-0.7892315189761229,0.3581,0.6375,1
-1.4829659318637276,0,450,1900,3,0.2367015375343121,-0.7863930737006798,0.3581,0.6375,2
-1.402805611222444,0,450,1900,3,0.22948986891652767,-0.7836933888958786,0.3581,0.6375,0
-1.322645290581164,0,450,1900,3,0.2178425642365126,-0.781134113635672,0.3581,0.6375,1
-1.2424849699398806,0,450,1900,3,0.23257679027764275,-0.7787168254623634,0.3581,0.6375,0
-1.162324649298597,0,450,1900,3,0.2080728696524867,-0.7764430272276603,0.3581,0.6375,1
-1.082164328657317,0,450,1900,3,0.24940247236398433,-0.7743141440405089,0.3581,0.6375,1
-1.0020040080160335,0,450,1900,3,0.2563780609243986,-0.7723315203342664,0.3581,0.6375,0
-0.92184368737475,0,450,1900,3,0.3704497140846104,-0.7704964170654978,0.3581,0.6375,1
-0.8416833667334664,0,450,1900,3,0.4167888813833154,-0.768810009056343,0.3581,0.6375,1
-0.7615230460921865,0,450,1900,3,0.3774008635387414,-0.7672733824919735,0.3581,0.6375,1
-0.6813627254509029,0,450,1900,3,0.44298203996015817,-0.7658875325841732,0.3581,0.6375,2
-0.6012024048096194,0,450,1900,3,0.4177171435498642,-0.7646533614114532,0.3581,0.6375,1
-0.5210420841683359,0,450,1900,3,0.6084618676914811,-0.7635716759454833,0.3581,0.6375,1
-0.4408817635270559,0,450,1900,3,0.7015852448066436,-0.7626431862728428,0.3581,0.6375,1
-0.36072144288577235,0,450,1900,3,0.6942263109855029,-0.7618685040203202,0.3581,0.6375,2
-0.2805611222444888,0,450,1900,3,0.7538753804788333,-0.7612481409910837,0.3581,0.6375,1
-0.20040080160320883,0,450,1900,3,0.7190445174775054,-0.7607825080181279,0.3581,0.6375,3
-0.1202404809619253,0,450,1900,3,0.5719479555956496,-0.7604719140404123,0.3581,0.6375,3
-0.04008016032064177,0,450,1900,3,0.5249813043967595,-0.7603165654060814,0.3581,0.6375,2
0.04008016032064177,0,450,1900,3,0.6514759911296792,-0.7603165654060814,0.3581,0.6375,1
0.12024048096192175,0,450,1900,3,0.623858725411939,-0.7604719140404123,0.3581,0.6375,1
0.20040080160320528,0,450,1900,3,0.6131230878307024,-0.7607825080181279,0.3581,0.6375,2
0.2805611222444888,0,450,1900,3,0.559691085617482,-0.7612481409910837,0.3581,0.6375,2
0.36072144288577235,0,450,1900,3,0.6167483876889884,-0.7618685040203202,0.3581,0.6375,3
0.44088176352705233,0,450,1900,3,0.7138242312939626,-0.762643186272842,0.3581,0.6375,3
0.5210420841683359,0,450,1900,3,0.7426833538051746,-0.7635716759454833,0.3581,0.6375,1
0.6012024048096194,0,450,1900,3,0.6399732793319555,-0.7646533614114532,0.3581,0.6375,2
0.6813627254508994,0,450,1900,3,0.6861637669548111,-0.7658875325841732,0.3581,0.6375,1
0.7615230460921829,0,450,1900,3,0.5648167190428753,-0.7672733824919735,0.3581,0.6375,2
0.8416833667334664,0,450,1900,3,0.705412640847114,-0.768810009056343,0.3581,0.6375,1
0.92184368737475,0,450,1900,3,0.7189762186627816,-0.7704964170654978,0.3581,0.6375,3
1.00200400801603,0,450,1900,3,0.8839965427610214,-0.7723315203342657,0.3581,0.6375,2
1.0821643286573135,0,450,1900,3,0.9644125287585533,-0.7743141440405089,0.3581,0.6375,3
1.162324649298597,0,450,1900,3,1.0205594311377282,-0.7764430272276603,0.3581,0.6375,3
1.2424849699398806,0,450,1900,3,1.0085401752702219,-0.7787168254623634,0.3581,0.6375,1
1.3226452905811605,0,450,1900,3,0.9227742381031129,-0.781134113635672,0.3581,0.6375,1
1.402805611222444,0,450,1900,3,1.0070673320577774,-0.7836933888958786,0.3581,0.6375,1
1.4829659318637276,0,450,1900,3,0.9614059413824326,-0.7863930737006798,0.3581,0.6375,1
1.5631262525050076,0,450,1900,3,0.8639886700723304,-0.7892315189761225,0.3581,0.6375,2
1.6432865731462911,0,450,1900,3,0.9153484488351832,-0.7922070073696372,0.3581,0.6375,3
1.7234468937875747,0,450,1900,3,0.7117738669699298,-0.7953177565843419,0.3581,0.6375,1
1.8036072144288582,0,450,1900,3,0.6740563712365059,-0.7985619227818161,0.3581,0.6375,1
1.8837675350701382,0,450,1900,3,0.7506393108997029,-0.8019376040406051,0.3581,0.6375,2
1.9639278557114217,0,450,1900,3,0.9209305627220445,-0.8054428438578554,0.3581,0.6375,3
2.0440881763527052,0,450,1900,3,0.6891300903735512,-0.8090756346817105,0.3581,0.6375,1
2.1242484969939888,0,450,1900,3,0.6238063927454608,-0.8128339214623631,0.3581,0.6375,2
2.2044088176352687,0,450,1900,3,0.6789602161352561,-0.8167156052099975,0.3581,0.6375,1
2.2845691382765523,0,450,1900,3,0.5379772722695398,-0.820718546548285,0.3581,0.6375,1
2.364729458917836,0,450,1900,3,0.5612658880624223,-0.8248405692524774,0.3581,0.6375,1
2.444889779559116,0,450,1900,3,0.6384710577974214,-0.829079463761712,0.3581,0.6375,0
2.5250501002003993,0,450,1900,3,0.6864722266950043,-0.8334329906556004,0.3581,0.6375,1
2.605210420841683,0,450,1900,3,0.8108967794954386,-0.8378988840857764,0.3581,0.6375,2
2.6853707414829664,0,450,1900,3,0.7996223568597299,-0.8424748551536502,0.3581,0.6375,3
2.7655310621242464,0,450,1900,3,0.6349391364279692,-0.847158595226226,0.3581,0.6375,1
2.84569138276553,0,450,1900,3,0.6784961358412765,-0.8519477791824643,0.3581,0.6375,3
2.9258517034068134,0,450,1900,3,0.6372891561090362,-0.8568400685832944,0.3581,0.6375,2
3.006012024048097,0,450,1900,3,0.5816214910895923,-0.8618331147590467,0.3581,0.6375,3
3.086172344689377,0,450,1900,3,0.7474738487232991,-0.8669245618086732,0.3581,0.6375,1
3.1663326653306605,0,450,1900,3,0.8090451209383752,-0.8721120495057988,0.3581,0.6375,2
3.246492985971944,0,450,1900,3,0.7385740397122783,-0.8773932161072331,0.3581,0.6375,1
3.326653306613224,0,450,1900,3,0.7165099814298244,-0.8827657010602235,0.3581,0.6375,3
3.4068136272545075,0,450,1900,3,0.7455746885281666,-0.8882271476052903,0.3581,0.6375,3
3.486973947895791,0,450,1900,3,0.7124336387047562,-0.8937752052720946,0.3581,0.6375,3
3.5671342685370746,0,450,1900,3,0.5551973744176547,-0.8994075322663142,0.3581,0.6375,1
3.6472945891783546,0,450,1900,3,0.6033053306649997,-0.9051217977460745,0.3581,0.6375,1
3.727454909819638,0,450,1900,3,0.5011081117668521,-0.9109156839869537,0.3581,0.6375,2
3.8076152304609217,0,450,1900,3,0.6377773683938305,-0.9167868884350693,0.3581,0.6375,1
3.887775551102205,0,450,1900,3,0.5736956628983847,-0.9227331256482328,0.3581,0.6375,0
3.967935871743485,0,450,1900,3,0.4767378625887552,-0.9287521291255413,0.3581,0.6375,0
4.048096192384769,0,450,1900,3,0.3890359880184122,-0.9348416530261898,0.3581,0.6375,0
4.128256513026052,0,450,1900,3,0.4078783931873543,-0.9409994737786588,0.3581,0.6375,1
4.208416833667332,0,450,1900,3,0.3657910589475343,-0.9472233915817325,0.3581,0.6375,0
4.288577154308616,0,450,1900,3,0.32554765294908117,-0.9535112317991529,0.3581,0.6375,0
4.368737474949899,0,450,1900,3,0.3184630257716128,-0.9598608462499312,0.3581,0.6375,0
4.448897795591183,0,450,1900,3,0.2927464469768375,-0.9662701143966457,0.3581,0.6375,1
4.529058116232463,0,450,1900,3,0.3119641077111534,-0.9727369444342049,0.3581,0.6375,0
4.609218436873746,0,450,1900,3,0.31998512396204365,-0.9792592742818128,0.3581,0.6375,1
4.68937875751503,0,450,1900,3,0.3106073474858281,-0.98583507248097,0.3581,0.6375,0
4.769539078156313,0,450,1900,3,0.36184951926908987,-0.9924623390025371,0.3581,0.6375,1
4.849699398797593,0,450,1900,3,0.3137585381304614,-0.9991391059659681,0.3581,0.6375,1
4.929859719438877,0,450,1900,3,0.2569980185004423,-1.005863438273926,0.3581,0.6375,0
5.01002004008016,0,450,1900,3,0.2434545871270576,-1.0126334341655603,0.3581,0.6375,0
5.09018036072144,0,450,1900,3,0.23054533720801323,-1.0194472256917837,0.3581,0.6375,1
5.170340681362724,0,450,1900,3,0.23820469488191548,-1.026302979115913,0.3581,0.6375,1
5.2505010020040075,0,450,1900,3,0.2520326315169795,-1.033198895243043,0.3581,0.6375,1
5.330661322645291,0,450,1900,3,0.2888010751047249,-1.0401332096815585,0.3581,0.6375,1
5.410821643286571,0,450,1900,3,0.2653896610802334,-1.047104193040129,0.3581,0.6375,1
5.4909819639278545,0,450,1900,3,0.26758162810418334,-1.0541101510635404,0.3581,0.6375,0
5.571142284569138,0,450,1900,3,0.25995855617060204,-1.0611494247106628,0.3581,0.6375,1
5.651302605210418,0,450,1900,3,0.16627994475525157,-1.0682203901778005,0.3581,0.6375,0
5.731462925851702,0,450,1900,3,0.18114282901696172,-1.0753214588706286,0.3581,0.6375,0
5.811623246492985,0,450,1900,3,0.17126430383433036,-1.0824510773278329,0.3581,0.6375,0
5.891783567134269,0,450,1900,3,0.17996751523966717,-1.0896077270995128,0.3581,0.6375,0
5.971943887775549,0,450,1900,3,0.19295599046649742,-1.0967899245833177,0.3581,0.6375,1
6.052104208416832,0,450,1900,3,0.192064405356606,-1.1039962208212069,0.3581,0.6375,1
6.132264529058116,0,450,1900,3,0.1977527489859509,-1.1112252012596218,0.3581,0.6375,1
6.212424849699399,0,450,1900,3,0.13930338406493167,-1.1184754854757908,0.3581,0.6375,0
6.292585170340679,0,450,1900,3,0.10920794125615471,-1.1257457268727633,0.3581,0.6375,0
6.372745490981963,0,450,1900,3,0.10274803760732136,-1.1330346123456845,0.3581,0.6375,0
6.452905811623246,0,450,1900,3,0.09920027926597673,-1.1403408619217361,0.3581,0.6375,0
6.533066132264526,0,450,1900,3,0.1089773198020043,-1.147663228376037,0.3581,0.6375,0
6.61322645290581,0,450,1900,3,0.08458577495094699,-1.1550004968257286,0.3581,0.6375,0
6.693386773547093,0,450,1900,3,0.08229673369487506,-1.1623514843043514,0.3581,0.6375,0
6.773547094188377,0,450,1900,3,0.09348058188308628,-1.169715039318533,0.3581,0.6375,0
6.853707414829657,0,450,1900,3,0.07589966443251374,-1.1770900413888845,0.3581,0.6375,0
6.93386773547094,0,450,1900,3,0.08470193153243703,-1.1844754005769491,0.3581,0.6375,0
7.014028056112224,0,450,1900,3,0.09330656353907496,-1.1918700569999012,0.3581,0.6375,0
7.094188376753507,0,450,1900,3,0.09620773354679331,-1.199272980334639,0.3581,0.6375,0
7.174348697394787,0,450,1900,3,0.11471951646619645,-1.2066831693128084,0.3581,0.6375,0
7.254509018036071,0,450,1900,3,0.1076698494374495,-1.2140996512082054,0.3581,0.6375,1
7.3346693386773545,0,450,1900,3,0.11281764132505638,-1.2215214813179178,0.3581,0.6375,0
7.4148296593186345,0,450,1900,3,0.15152660674435087,-1.228947742438499,0.3581,0.6375,0
7.494989979959918,0,450,1900,3,0.16400313843288072,-1.2363775443383578,0.3581,0.6375,0
7.5751503006012015,0,450,1900,3,0.17331023934106093,-1.2438100232274973,0.3581,0.6375,1
7.655310621242485,0,450,1900,3,0.18008621427012625,-1.251244341225653,0.3581,0.6375,1
7.735470941883765,0,450,1900,3,0.18135416325926976,-1.2586796858297904,0.3581,0.6375,0
7.815631262525049,0,450,1900,3,0.20227554597190667,-1.2661152693818833,0.3581,0.6375,0
7.895791583166332,0,450,1900,3,0.2040133808911439,-1.27355032853781,0.3581,0.6375,0
7.975951903807616,0,450,1900,3,0.1993035064274503,-1.2809841237381348,0.3581,0.6375,0
8.056112224448896,0,450,1900,3,0.25887534419730274,-1.2884159386815024,0.3581,0.6375,1
8.13627254509018,0,450,1900,3,0.2263201567430932,-1.2958450798013041,0.3581,0.6375,0
8.216432865731463,0,450,1900,3,0.22348076392782382,-1.3032708757462041,0.3581,0.6375,1
8.296593186372743,0,450,1900,3,0.1869329725084824,-1.3106926768651077,0.3581,0.6375,1
8.376753507014026,0,450,1900,3,0.17224505880449872,-1.3181098546970402,0.3581,0.6375,0
8.45691382765531,0,450,1900,3,0.17738267087051462,-1.325521801466426,0.3581,0.6375,1
8.537074148296593,0,450,1900,3,0.16281321763087986,-1.3329279295841534,0.3581,0.6375,0
8.617234468937873,0,450,1900,3,0.13770386208508156,-1.340327671154815,0.3581,0.6375,0
8.697394789579157,0,450,1900,3,0.14573474156940455,-1.347720477490446,0.3581,0.6375,1
8.77755511022044,0,450,1900,3,0.1776182070109315,-1.3551058186310585,0.3581,0.6375,1
8.857715430861724,0,450,1900,3,0.16652495727918382,-1.3624831828722301,0.3581,0.6375,0
8.937875751503004,0,450,1900,3,0.16073683035844907,-1.3698520762999797,0.3581,0.6375,1
9.018036072144287,0,450,1900,3,0.17476950580327633,-1.3772120223331201,0.3581,0.6375,0
9.098196392785571,0,450,1900,3,0.2206174349612955,-1.3845625612732642,0.3581,0.6375,0
9.17835671342685,0,450,1900,3,0.22785457754619853,-1.3919032498626152,0.3581,0.6375,1
9.258517034068134,0,450,1900,3,0.2880696768227469,-1.399233660849682,0.3581,0.6375,1
9.338677354709418,0,450,1900,3,0.24952708852398017,-1.4065533825629783,0.3581,0.6375,0
9.418837675350701,0,450,1900,3,0.21004316711069695,-1.4138620184928161,0.3581,0.6375,0
9.498997995991981,0,450,1900,3,0.20611545100863132,-1.4211591868812135,0.3581,0.6375,1
9.579158316633265,0,450,1900,3,0.23638112374082282,-1.428444520319979,0.3581,0.6375,1
9.659318637274549,0,450,1900,3,0.2600343944337685,-1.4357176653569672,0.3581,0.6375,2
9.739478957915832,0,450,1900,3,0.2885270728970337,-1.4429782821105233,0.3581,0.6375,0
9.819639278557112,0,450,1900,3,0.2842491377632227,-1.4502260438920942,0.3581,0.6375,0
9.899799599198396,0,450,1900,3,0.2799789298951698,-1.4574606368369862,0.3581,0.6375,1
9.97995991983968,0,450,1900,3,0.26069793428775834,-1.4646817595432269,0.3581,0.6375,1
10.060120240480959,0,450,1900,3,0.2386823090966256,-1.47188912271848,0.3581,0.6375,0
10.140280561122243,0,450,1900,3,0.2641050697305773,-1.4790824488349663,0.3581,0.6375,2
10.220440881763526,0,450,1900,3,0.25429035421286483,-1.486261471792303,0.3581,0.6375,0
10.30060120240481,0,450,1900,3,0.20927074504416684,-1.4934259365881983,0.3581,0.6375,1
10.38076152304609,0,450,1900,3,0.18113563959542175,-1.500575598996914,0.3581,0.6375,0
10.460921843687373,0,450,1900,3,0.1849502619360667,-1.5077102252554033,0.3581,0.6375,0
10.541082164328657,0,450,1900,3,0.18824987952120587,-1.5148295917570238,0.3581,0.6375,1
10.62124248496994,0,450,1900,3,0.1661837041028389,-1.521933484752732,0.3581,0.6375,1
10.70140280561122,0,450,1900,3,0.16902934591786284,-1.5290217000596422,0.3581,0.6375,1
10.781563126252504,0,450,1900,3,0.1855564704534637,-1.5360940427768477,0.3581,0.6375,0
10.861723446893787,0,450,1900,3,0.19141642754740154,-1.5431503270083782,0.3581,0.6375,0
10.941883767535067,0,450,1900,3,0.21849783787957483,-1.5501903755931894,0.3581,0.6375,1
11.02204408817635,0,450,1900,3,0.1945487865493915,-1.5572140198420577,0.3581,0.6375,0
11.102204408817634,0,450,1900,3,0.20274287077681694,-1.564221099281245,0.3581,0.6375,1
11.182364729458918,0,450,1900,3,0.19327222509179245,-1.5712114614028423,0.3581,0.6375,0
11.262525050100198,0,450,1900,3,0.22838677718820685,-1.5781849614216257,0.3581,0.6375,1
11.342685370741481,0,450,1900,3,0.2146268907950226,-1.5851414620383304,0.3581,0.6375,0
11.422845691382765,0,450,1900,3,0.18803374221863395,-1.5920808332092025,0.3581,0.6375,0
11.503006012024048,0,450,1900,3,0.1835366552453929,-1.599002951921694,0.3581,0.6375,0
11.583166332665328,0,450,1900,3,0.17360142531633355,-1.6059077019761898,0.3581,0.6375,0
11.663326653306612,0,450,1900,3,0.17652604530311647,-1.612794973773629,0.3581,0.6375,0
11.743486973947896,0,450,1900,3,0.15085250690857915,-1.6196646641088888,0.3581,0.6375,0
11.823647294589176,0,450,1900,3,0.16788375638371927,-1.626516675969814,0.3581,0.6375,0
11.903807615230459,0,450,1900,3,0.16829362424437627,-1.6333509183417652,0.3581,0.6375,0
11.983967935871743,0,450,1900,3,0.15523794376906944,-1.6401673060175501,0.3581,0.6375,0
12.064128256513023,0,450,1900,3,0.1572285964655547,-1.6469657594126297,0.3581,0.6375,0
12.144288577154306,0,450,1900,3,0.19183676147916376,-1.6537462043854583,0.3581,0.6375,1
12.22444889779559,0,450,1900,3,0.15883208419996914,-1.660508572062856,0.3581,0.6375,1
12.304609218436873,0,450,1900,3,0.15492999595842685,-1.6672527986702737,0.3581,0.6375,0
12.384769539078157,0,450,1900,3,0.13539423194093067,-1.6739788253668504,0.3581,0.6375,0
12.46492985971944,0,450,1900,3,0.14311164579768235,-1.6806865980851313,0.3581,0.6375,0
12.545090180360717,0,450,1900,3,0.1336334381173852,-1.6873760673753369,0.3581,0.6375,0
12.625250501002,0,450,1900,3,0.12767758465644455,-1.6940471882540775,0.3581,0.6375,1
12.705410821643284,0,450,1900,3,0.12323134259596807,-1.7006999200573814,0.3581,0.6375,0
12.785571142284567,0,450,1900,3,0.1344392837748557,-1.7073342262979545,0.3581,0.6375,0
12.86573146292585,0,450,1900,3,0.12413390679571185,-1.7139500745265364,0.3581,0.6375,1
12.945891783567134,0,450,1900,3,0.11562845993226113,-1.7205474361972657,0.3581,0.6375,0
13.026052104208418,0,450,1900,3,0.12378256385030724,-1.7271262865369446,0.3581,0.6375,0
13.106212424849701,0,450,1900,3,0.12820917657141528,-1.7336866044180943,0.3581,0.6375,0
13.186372745490978,0,450,1900,3,0.13493238888058418,-1.7402283722357181,0.3581,0.6375,0
13.266533066132261,0,450,1900,3,0.139093877015906,-1.7467515757876544,0.3581,0.6375,0
13.346693386773545,0,450,1900,3,0.14691014004221847,-1.7532562041584345,0.3581,0.6375,1
13.426853707414828,0,450,1900,3,0.13313557092529107,-1.7597422496065553,0.3581,0.6375,0
13.507014028056112,0,450,1900,3,0.1030641688067257,-1.7662097074550651,0.3581,0.6375,0
13.587174348697395,0,450,1900,3,0.08999372642585003,-1.772658575985374,0.3581,0.6375,0
13.667334669338679,0,450,1900,3,0.08761899426887036,-1.7790888563342169,0.3581,0.6375,0
13.747494989979955,0,450,1900,3,0.08179288920145107,-1.7855005523936531,0.3581,0.6375,0
13.827655310621239,0,450,1900,3,0.08072409328459702,-1.7918936707140518,0.3581,0.6375,0
13.907815631262523,0,450,1900,3,0.08633466409233029,-1.7982682204099552,0.3581,0.6375,0
13.987975951903806,0,450,1900,3,0.09059862955824897,-1.8046242130687562,0.3581,0.6375,0
14.06813627254509,0,450,1900,3,0.10436887938510687,-1.8109616626621041,0.3581,0.6375,0
14.148296593186373,0,450,1900,3,0.09036153442372329,-1.8172805854599643,0.3581,0.6375,0
14.228456913827657,0,450,1900,3,0.08483141995154544,-1.8235809999472594,0.3581,0.6375,0
14.308617234468933,0,450,1900,3,0.08247095574638431,-1.8298629267430124,0.3581,0.6375,0
14.388777555110217,0,450,1900,3,0.07771538733501811,-1.8361263885219397,0.3581,0.6375,1
14.4689378757515,0,450,1900,3,0.08522651516198972,-1.8423714099383923,0.3581,0.6375,0
14.549098196392784,0,450,1900,3,0.08204740310995522,-1.8485980175526173,0.3581,0.6375,0
14.629258517034067,0,450,1900,3,0.08227481201201285,-1.8548062397592406,0.3581,0.6375,0
14.70941883767535,0,450,1900,3,0.09985850455063026,-1.8609961067179284,0.3581,0.6375,0
14.789579158316634,0,450,1900,3,0.09063735039332055,-1.8671676502861565,0.3581,0.6375,1
14.869739478957918,0,450,1900,3,0.09710849389166315,-1.8733209039540286,0.3581,0.6375,0
14.949899799599194,0,450,1900,3,0.09174126659422895,-1.8794559027810855,0.3581,0.6375,0
15.030060120240478,0,450,1900,3,0.09097904521272092,-1.8855726833350448,0.3581,0.6375,0
15.110220440881761,0,450,1900,3,0.10035945882015147,-1.8916712836324217,0.3581,0.6375,0
15.190380761523045,0,450,1900,3,0.09823090437519681,-1.89775174308097,0.3581,0.6375,0
15.270541082164328,0,450,1900,3,0.09873492905039377,-1.9038141024238953,0.3581,0.6375,0
15.350701402805612,0,450,1900,3,0.08590440900978083,-1.9098584036857862,0.3581,0.6375,0
15.430861723446895,0,450,1900,3,0.0728796906926435,-1.9158846901202105,0.3581,0.6375,0
15.511022044088172,0,450,1900,3,0.10025542756944829,-1.9218930061589425,0.3581,0.6375,0
15.591182364729455,0,450,1900,3,0.09249143589230215,-1.9278833973627498,0.3581,0.6375,0
15.671342685370739,0,450,1900,3,0.09680181393131462,-1.9338559103737216,0.3581,0.6375,0
15.751503006012022,0,450,1900,3,0.10161439057936002,-1.9398105928690628,0.3581,0.6375,0
15.831663326653306,0,450,1900,3,0.12895304921195958,-1.9457474935163455,0.3581,0.6375,0
15.91182364729459,0,450,1900,3,0.14402147256540954,-1.9516666619301413,0.3581,0.6375,1
15.991983967935873,0,450,1900,3,0.12784123387829002,-1.957568148630023,0.3581,0.6375,0
16.07214428857715,0,450,1900,3,0.1224301989058717,-1.9634520049998698,0.3581,0.6375,0
16.152304609218433,0,450,1900,3,0.1390077691007481,-1.9693182832484637,0.3581,0.6375,0
16.232464929859717,0,450,1900,3,0.12430087060873919,-1.975167036371307,0.3581,0.6375,0
16.312625250501,0,450,1900,3,0.12983767542750377,-1.9809983181136652,0.3581,0.6375,0
16.392785571142284,0,450,1900,3,0.1242617191897323,-1.9868121829347603,0.3581,0.6375,1
16.472945891783567,0,450,1900,3,0.10271576478132136,-1.9926086859731007,0.3581,0.6375,0
16.55310621242485,0,450,1900,3,0.10531266931662812,-1.9983878830129183,0.3581,0.6375,0
16.633266533066134,0,450,1900,3,0.09468311383022424,-2.004149830451667,0.3581,0.6375,0
16.71342685370741,0,450,1900,3,0.10245350142759443,-2.009894585268548,0.3581,0.6375,0
16.793587174348694,0,450,1900,3,0.08982938236197449,-2.0156222049940604,0.3581,0.6375,0
16.873747494989978,0,450,1900,3,0.09162512008793743,-2.0213327476805074,0.3581,0.6375,0
16.95390781563126,0,450,1900,3,0.08916580043956432,-2.027026271873454,0.3581,0.6375,0
17.034068136272545,0,450,1900,3,0.10213965737101535,-2.032702836584108,0.3581,0.6375,0
17.11422845691383,0,450,1900,3,0.09520294290498406,-2.038362501262587,0.3581,0.6375,0
17.194388777555112,0,450,1900,3,0.08947939069038244,-2.0440053257720434,0.3581,0.6375,0
17.27454909819639,0,450,1900,3,0.10613287874043581,-2.0496313703636404,0.3581,0.6375,0
17.354709418837672,0,450,1900,3,0.10976558254629422,-2.05524069565233,0.3581,0.6375,0
17.434869739478955,0,450,1900,3,0.11107395870416552,-2.060833362593425,0.3581,0.6375,1
17.51503006012024,0,450,1900,3,0.12402297560744338,-2.0664094324599334,0.3581,0.6375,1
17.595190380761522,0,450,1900,3,0.15405715025034392,-2.071968966820637,0.3581,0.6375,1
17.675350701402806,0,450,1900,3,0.14542424034594156,-2.07751202751889,0.3581,0.6375,0
17.75551102204409,0,450,1900,3,0.1367959075123284,-2.083038676652116,0.3581,0.6375,1
17.835671342685366,0,450,1900,3,0.1502197363856778,-2.08854897655198,0.3581,0.6375,0
17.91583166332665,0,450,1900,3,0.15312051191072706,-2.094042989765225,0.3581,0.6375,0
17.995991983967933,0,450,1900,3,0.16293327699005397,-2.0995207790351365,0.3581,0.6375,0
18.076152304609217,0,450,1900,3,0.1937276106264911,-2.1049824072836314,0.3581,0.6375,1
18.1563126252505,0,450,1900,3,0.18137362929788345,-2.1104279375939456,0.3581,0.6375,1
18.236472945891784,0,450,1900,3,0.1732946585431621,-2.115857433193902,0.3581,0.6375,0
18.316633266533067,0,450,1900,3,0.1610134484808516,-2.121270957439751,0.3581,0.6375,0
18.39679358717435,0,450,1900,3,0.16011404314127478,-2.1266685738005395,0.3581,0.6375,0
18.476953907815627,0,450,1900,3,0.15102489881979278,-2.1320503458430324,0.3581,0.6375,1
18.55711422845691,0,450,1900,3,0.14333956944140805,-2.1374163372171386,0.3581,0.6375,0
18.637274549098194,0,450,1900,3,0.15157982315491111,-2.142766611641831,0.3581,0.6375,1
18.717434869739478,0,450,1900,3,0.16975912476674104,-2.148101232891562,0.3581,0.6375,0
18.79759519038076,0,450,1900,3,0.17790875533740041,-2.1534202647831426,0.3581,0.6375,0
18.877755511022045,0,450,1900,3,0.1573547358756076,-2.1587237711630776,0.3581,0.6375,1
18.95791583166333,0,450,1900,3,0.147357642672052,-2.1640118158953436,0.3581,0.6375,0
19.038076152304605,0,450,1900,3,0.1485316985287091,-2.169284462849594,0.3581,0.6375,0
19.11823647294589,0,450,1900,3,0.1492701978244715,-2.17454177588978,0.3581,0.6375,0
19.19839679358717,0,450,1900,3,0.14267762097878262,-2.1797838188631746,0.3581,0.6375,0
19.278557114228455,0,450,1900,3,0.15385708209796192,-2.1850106555897852,0.3581,0.6375,0
19.35871743486974,0,450,1900,3,0.1407386985686492,-2.190222349852153,0.3581,0.6375,0
19.438877755511022,0,450,1900,3,0.13233562799384516,-2.195418965385505,0.3581,0.6375,1
19.519038076152306,0,450,1900,3,0.11151794579847828,-2.2006005658682772,0.3581,0.6375,0
19.599198396793582,0,450,1900,3,0.09324638082399239,-2.2057672149129743,0.3581,0.6375,0
19.679358717434866,0,450,1900,3,0.08334963358051704,-2.210918976057368,0.3581,0.6375,0
19.75951903807615,0,450,1900,3,0.08133802089856461,-2.216055912756013,0.3581,0.6375,0
19.839679358717433,0,450,1900,3,0.07122962246070988,-2.2211780883720884,0.3581,0.6375,0
19.919839679358716,0,450,1900,3,0.06938276192883573,-2.2262855661695378,0.3581,0.6375,0
20.0,0,450,1900,3,0.09055242911937271,-2.231378409305505,0.3581,0.6375,0
